Data,Abertura,Maxima,Minima,Fecho,Volume,Fecho_SP500,Retorno_SP500
2023-06-13,25934.24,26098.0,24820.56,25128.6,45077.31608,4369.009765625,
2023-06-14,25128.6,25759.01,24800.0,25598.49,48664.86063,4372.58984375,0.0008194255259321714
2023-06-15,25598.49,26518.0,25175.56,26345.0,51596.91662,4425.83984375,0.01217813742034668
2023-06-16,26345.01,26839.99,26181.0,26516.99,27842.2195,4409.58984375,-0.0036716195284263176
2023-06-17,26516.99,26700.0,26255.85,26339.97,21538.31022,4409.58984375,0.0
2023-06-18,26339.98,27068.09,26256.61,26844.35,35872.65974,4409.58984375,0.0
2023-06-19,26844.35,28402.74,26652.0,28307.99,69666.95525,4409.58984375,0.0
2023-06-20,28308.0,30800.0,28257.99,29993.89,108926.40412,4388.7099609375,-0.0047351076976228645
2023-06-21,29993.89,30500.0,29525.61,29884.92,59054.5646,4365.68994140625,-0.005245281583003636
2023-06-22,29884.92,31431.94,29800.0,30688.5,73931.89635,4381.89013671875,0.003710798414438443
2023-06-23,30688.51,30800.0,30250.0,30527.43,30513.30135,4348.330078125,-0.007658808766684566
2023-06-24,30527.44,31046.01,30277.49,30462.66,30223.44801,4348.330078125,0.0
2023-06-25,30462.67,30666.0,29930.0,30267.99,45180.41489,4348.330078125,0.0
2023-06-26,30267.99,30994.97,30226.17,30692.44,42699.64157,4328.81982421875,-0.004486838293256468
2023-06-27,30692.44,30709.74,29858.8,30077.41,40463.51937,4378.41015625,0.011455854954693034
2023-06-28,30077.4,30843.98,30049.98,30447.31,36330.62903,4376.85986328125,-0.00035407668843834283
2023-06-29,30447.31,31282.0,29500.0,30472.0,89419.07618,4396.43994140625,0.004473544672805918
2023-06-30,30471.99,30661.6,30320.57,30585.9,17501.75075,4450.3798828125,0.012269004495714109
2023-07-01,30585.9,30791.0,30155.0,30617.03,23286.41019,4450.3798828125,0.0
2023-07-02,30617.02,31380.0,30570.27,31156.2,43761.64311,4450.3798828125,0.0
2023-07-03,31156.2,31350.69,30620.0,30766.51,33206.11943,4455.58984375,0.0011706778016009611
2023-07-04,30766.52,30878.07,30200.0,30504.81,33215.67122,4455.58984375,0.0
2023-07-05,30504.8,31500.0,29850.45,29895.43,71319.6261,4446.81982421875,-0.0019683184132291975
2023-07-06,29895.42,30449.0,29701.02,30344.7,34070.53895,4411.58984375,-0.007922511336500904
2023-07-07,30344.7,30386.81,30044.47,30284.63,13094.59042,4398.9501953125,-0.0028651005386203243
2023-07-08,30284.63,30445.52,30061.12,30160.71,15388.50196,4398.9501953125,0.0
2023-07-09,30160.71,31045.78,29950.0,30411.57,41262.87652,4398.9501953125,0.0
2023-07-10,30411.57,30813.63,30300.0,30622.1,28476.83311,4409.52978515625,0.002405026057131332
2023-07-11,30622.1,30983.25,30210.0,30380.0,38108.99669,4439.259765625,0.0067422110558885695
2023-07-12,30380.0,31804.2,30251.0,31454.23,70772.51836,4472.16015625,0.007411233485312474
2023-07-13,31454.23,31630.0,29900.0,30312.01,60749.48424,4510.0400390625,0.008470153458069118
2023-07-14,30312.0,30390.9,30200.0,30289.52,14118.55329,4505.419921875,-0.0010244071333035398
2023-07-15,30289.52,30441.46,30064.29,30231.99,15760.1281,4505.419921875,0.0
2023-07-16,30232.0,30336.96,29659.2,30138.0,30882.76839,4505.419921875,0.0
2023-07-17,30138.01,30239.78,29512.0,29859.13,30003.8601,4522.7900390625,0.0038553825145495324
2023-07-18,29859.14,30189.09,29761.96,29909.21,25657.36137,4554.97998046875,0.007117275205842377
2023-07-19,29909.21,30417.46,29570.96,29800.0,37540.68193,4565.72021484375,0.002357910335732072
2023-07-20,29800.0,30061.7,29726.34,29901.72,23881.40865,4534.8701171875,-0.006756896218903741
2023-07-21,29901.72,29999.0,29625.1,29794.0,14660.40467,4536.33984375,0.0003240945218980773
2023-07-22,29793.99,30350.0,29730.0,30083.75,18292.78637,4536.33984375,0.0
2023-07-23,30083.75,30099.58,28861.9,29176.5,39628.99691,4536.33984375,0.0
2023-07-24,29176.5,29376.0,29047.65,29228.91,21565.7478,4554.64013671875,0.004034153877153557
2023-07-25,29228.91,29690.0,29096.94,29351.96,33931.63366,4567.4599609375,0.002814673351556163
2023-07-26,29351.95,29567.49,29083.85,29222.78,22476.47626,4566.75,-0.00015543889679858758
2023-07-27,29222.78,29542.22,29123.12,29314.14,23993.61627,4537.41015625,-0.006424666064487883
2023-07-28,29314.14,29406.92,29256.18,29352.9,10851.36844,4582.22998046875,0.009877842794752345
2023-07-29,29352.9,29449.0,29033.24,29281.09,15706.97441,4582.22998046875,0.0
2023-07-30,29281.09,29530.0,29101.8,29232.25,22605.48964,4582.22998046875,0.0
2023-07-31,29232.26,29739.25,28585.7,29705.99,44719.65162,4588.9599609375,0.0014687129405193122
2023-08-01,29705.99,30047.5,28927.5,29186.01,48181.65141,4576.72998046875,-0.002665087639215691
2023-08-02,29186.0,29433.33,28968.0,29193.64,26476.91994,4513.39013671875,-0.013839541336347905
2023-08-03,29193.65,29333.08,28807.54,29113.99,23551.95217,4501.89013671875,-0.0025479738404268204
2023-08-04,29114.0,29152.23,28978.64,29072.13,11645.52018,4478.02978515625,-0.005300074155050516
2023-08-05,29072.13,29205.09,28991.88,29088.42,13178.1972,4478.02978515625,0.0
2023-08-06,29088.43,29276.78,28701.03,29211.06,30966.87746,4478.02978515625,0.0
2023-08-07,29211.06,30244.0,29146.45,29770.42,45700.53392,4518.43994140625,0.00902409277936278
2023-08-08,29770.41,30160.0,29376.67,29581.99,38003.88725,4499.3798828125,-0.004218283044793103
2023-08-09,29581.99,29738.0,29320.2,29455.75,23463.45373,4467.7099609375,-0.007038730380597102
2023-08-10,29455.76,29564.52,29252.45,29426.03,20637.0443,4468.830078125,0.00025071394456976925
2023-08-11,29426.02,29481.35,29381.56,29430.17,8971.48068,4464.0498046875,-0.0010696923700230787
2023-08-12,29430.18,29474.65,29272.32,29303.84,11101.70947,4464.0498046875,0.0
2023-08-13,29303.85,29695.32,29102.45,29430.93,31443.11532,4464.0498046875,0.0
2023-08-14,29430.92,29499.26,29059.6,29200.0,27503.87691,4489.72021484375,0.005750475751703066
2023-08-15,29200.01,29259.85,28723.08,28730.51,32996.69854,4437.85986328125,-0.011550909428841738
2023-08-16,28730.51,28783.48,25166.0,26623.41,100271.54033,4404.330078125,-0.007555395210577687
2023-08-17,26623.41,26832.6,25619.0,26054.0,69790.65711,4370.35986328125,-0.007712913029036983
2023-08-18,26054.0,26281.0,25801.09,26100.01,26160.75343,4369.7099609375,-0.00014870682600087726
2023-08-19,26100.01,26299.0,25971.05,26189.99,19056.91209,4369.7099609375,0.0
2023-08-20,26190.0,26258.42,25812.0,26126.92,30267.24233,4369.7099609375,0.0
2023-08-21,26126.92,26139.42,25300.0,26056.0,34247.06688,4399.77001953125,0.006879188518795987
2023-08-22,26055.99,26819.27,25812.82,26432.72,44023.69978,4387.5498046875,-0.002777466728829614
2023-08-23,26432.71,26577.87,25864.0,26180.05,30205.22116,4436.009765625,0.011044879965972587
2023-08-24,26180.05,26314.05,25777.15,26060.01,27753.33772,4376.31005859375,-0.013457974663146133
2023-08-25,26060.0,26125.77,25985.92,26017.37,10022.22322,4405.7099609375,0.006717966037625089
2023-08-26,26017.38,26182.23,25966.11,26101.77,12099.64216,4405.7099609375,0.0
2023-08-27,26101.78,26253.99,25864.5,26120.0,22692.62655,4405.7099609375,0.0
2023-08-28,26120.0,28142.85,25922.0,27716.34,74251.99488,4433.31005859375,0.006264619755036449
2023-08-29,27716.34,27768.57,27017.24,27299.99,35448.25848,4497.6298828125,0.01450830719454621
2023-08-30,27299.99,27587.51,25655.01,25940.78,51032.80401,4514.8701171875,0.003833182103508026
2023-08-31,25940.77,26156.0,25333.75,25805.05,41032.15056,4507.66015625,-0.0015969365120942491
2023-09-01,25805.04,25987.5,25752.47,25869.51,16250.77698,4515.77001953125,0.0017991292600010311
2023-09-02,25869.52,26135.0,25800.0,25971.21,17474.47667,4515.77001953125,0.0
2023-09-03,25971.21,26108.02,25631.21,25826.02,21777.59609,4515.77001953125,0.0
2023-09-04,25826.03,25915.49,25562.62,25792.1,21323.39337,4515.77001953125,0.0
2023-09-05,25792.11,26040.0,25372.51,25759.95,27262.52386,4496.830078125,-0.004194177587506065
2023-09-06,25759.95,26443.14,25615.38,26255.0,27687.49567,4465.47998046875,-0.006971599351452862
2023-09-07,26255.0,26445.5,25647.26,25910.5,28999.76471,4451.14013671875,-0.0032112659361860363
2023-09-08,25910.5,25945.09,25796.64,25901.61,10980.62277,4457.490234375,0.0014266227216406246
2023-09-09,25901.6,26033.66,25570.57,25841.61,18738.26914,4457.490234375,0.0
2023-09-10,25841.6,25900.69,24901.0,25162.52,41682.32,4457.490234375,0.0
2023-09-11,25162.53,26567.0,25131.48,25840.1,56434.38537,4487.4599609375,0.006723453106275201
2023-09-12,25840.1,26405.22,25764.17,26222.0,31610.82753,4461.89990234375,-0.005695885604828921
2023-09-13,26222.0,26860.49,26126.77,26522.73,38333.1725,4467.43994140625,0.0012416323054647016
2023-09-14,26522.73,26888.0,26224.0,26600.0,26227.29369,4505.10009765625,0.00842991886716793
2023-09-15,26599.99,26777.0,26445.0,26559.67,13960.93351,4450.31982421875,-0.012159612938677844
2023-09-16,26559.67,26623.25,26399.0,26527.51,12998.10277,4450.31982421875,0.0
2023-09-17,26527.5,27409.0,26377.35,26762.51,43000.43256,4450.31982421875,0.0
2023-09-18,26762.5,27483.57,26667.79,27210.26,36190.52187,4453.52978515625,0.0007212876971294246
2023-09-19,27210.25,27388.63,26800.0,27125.0,34207.21867,4443.9501953125,-0.002151010615372817
2023-09-20,27125.01,27159.6,26377.7,26568.08,34476.82662,4402.2001953125,-0.0093947947580596
2023-09-21,26568.08,26743.38,26468.77,26580.14,18198.2292,4330.0,-0.01640093410321941
2023-09-22,26580.14,26632.81,26509.0,26575.96,9440.7026,4320.06005859375,-0.002295598477193961
2023-09-23,26575.97,26738.54,26122.08,26248.38,15706.65771,4320.06005859375,0.0
2023-09-24,26248.39,26446.15,25990.46,26304.81,26266.2039,4320.06005859375,0.0
2023-09-25,26304.8,26397.46,26088.34,26221.67,18495.35066,4337.43994140625,0.0040230650909416354
2023-09-26,26221.68,26850.0,26112.06,26372.99,34771.57978,4273.52978515625,-0.014734533990868215
2023-09-27,26373.0,27308.48,26342.4,27021.39,44517.83491,4274.509765625,0.00022931406074522265
2023-09-28,27021.39,27244.89,26665.16,26906.96,28478.76219,4299.7001953125,0.005893173970516585
2023-09-29,26906.96,27094.99,26886.31,26962.56,12804.62307,4288.0498046875,-0.002709582086142026
2023-09-30,26962.57,28065.51,26954.09,27992.57,24602.81468,4288.0498046875,0.0
2023-10-01,27992.58,28580.0,27281.44,27494.51,57071.14241,4288.0498046875,0.0
2023-10-02,27494.51,27676.52,27160.5,27426.46,28928.96555,4288.39013671875,7.936755559079245e-05
2023-10-03,27426.45,27839.72,27202.0,27778.57,29816.142,4229.4501953125,-0.013744071674259506
2023-10-04,27778.57,28120.39,27352.0,27410.39,30681.49619,4263.75,0.008109754957160709
2023-10-05,27410.39,28295.0,27175.94,27931.09,37983.24277,4258.18994140625,-0.001304030159777203
2023-10-06,27931.1,28029.67,27842.08,27956.67,13348.83825,4308.5,0.011814893014644445
2023-10-07,27956.67,28095.14,27687.5,27917.05,19693.56921,4308.5,0.0
2023-10-08,27917.06,27987.93,27260.0,27590.12,31534.74639,4308.5,0.0
2023-10-09,27590.12,27735.0,27298.0,27390.12,22776.84383,4335.66015625,0.00630385429964031
2023-10-10,27390.12,27477.39,26538.66,26875.52,37349.44706,4358.240234375,0.005207990781392224
2023-10-11,26875.52,26947.04,26555.0,26759.63,23428.64112,4376.9501953125,0.00429300817103373
2023-10-12,26759.63,27130.0,26685.0,26862.0,24115.76499,4349.60986328125,-0.00624643434611849
2023-10-13,26862.0,26989.58,26789.0,26852.48,10417.25576,4327.77978515625,-0.005018858888767519
2023-10-14,26852.48,27293.33,26808.25,27154.15,15274.6917,4327.77978515625,0.0
2023-10-15,27154.14,30000.0,27112.66,28500.78,78399.22445,4327.77978515625,0.0
2023-10-16,28500.77,28613.65,28069.32,28395.91,38428.44532,4373.6298828125,0.01059436938392988
2023-10-17,28395.91,28982.36,28142.87,28320.0,32162.47591,4373.2001953125,-9.824505308242415e-05
2023-10-18,28320.0,28916.89,28100.66,28713.71,35895.50179,4314.60009765625,-0.013399820506516447
2023-10-19,28713.71,30207.55,28578.29,29669.04,59422.0992,4278.0,-0.008482848196321058
2023-10-20,29669.05,30379.99,29464.77,29909.8,27517.51897,4224.16015625,-0.012585283719027562
2023-10-21,29909.8,30248.0,29640.0,29992.46,22852.54563,4224.16015625,0.0
2023-10-22,29992.46,34741.91,29883.6,33069.99,93513.64246,4224.16015625,0.0
2023-10-23,33069.99,35280.0,32832.34,33922.73,115265.02418,4217.0400390625,-0.0016855698941634634
2023-10-24,33922.73,35132.85,33679.05,34496.05,54887.02529,4247.68017578125,0.007265792222727274
2023-10-25,34496.05,34824.13,33751.0,34151.66,39744.66255,4186.77001953125,-0.014339628627712542
2023-10-26,34151.66,34245.0,33390.95,33892.02,32330.40106,4137.22998046875,-0.011832519778109618
2023-10-27,33892.01,34493.33,33860.0,34081.0,16880.13144,4117.3701171875,-0.004800280229768528
2023-10-28,34081.01,34750.11,33930.0,34525.89,20685.52176,4117.3701171875,0.0
2023-10-29,34525.88,34856.0,34062.84,34474.73,33657.95976,4117.3701171875,0.0
2023-10-30,34474.74,34720.49,34025.0,34639.77,32737.89822,4166.81982421875,0.012010022325859904
2023-10-31,34639.78,35582.0,34097.39,35421.43,53473.28165,4193.7998046875,0.006474957307233353
2023-11-01,35421.43,35984.99,34300.0,34941.59,48015.57732,4237.85986328125,0.010505999486313922
2023-11-02,34941.58,34946.5,34120.0,34716.78,39071.20644,4317.77978515625,0.01885855702012762
2023-11-03,34716.78,35255.0,34585.18,35062.07,18377.55545,4358.33984375,0.009393730253031363
2023-11-04,35062.06,35380.0,34448.0,35011.88,24528.73376,4358.33984375,0.0
2023-11-05,35011.89,35276.33,34725.9,35046.09,22346.47086,4358.33984375,0.0
2023-11-06,35046.09,35888.0,34523.06,35399.12,38688.73692,4365.97998046875,0.0017529924220356374
2023-11-07,35399.13,36106.0,35100.0,35624.72,33401.34137,4378.3798828125,0.0028401189192852616
2023-11-08,35624.72,37972.24,35534.05,36701.09,82537.88885,4382.77978515625,0.0010049156221052513
2023-11-09,36701.1,37526.0,36324.71,37301.63,43414.04898,4347.35009765625,-0.008083839306732843
2023-11-10,37301.63,37408.26,36666.93,37130.0,22984.97235,4415.240234375,0.015616441094852496
2023-11-11,37129.99,37222.22,36731.1,37064.13,17687.18874,4415.240234375,0.0
2023-11-12,37064.13,37417.99,36333.0,36462.93,32798.18252,4415.240234375,0.0
2023-11-13,36462.93,36744.0,34800.0,35551.19,45503.68416,4411.5498046875,-0.0008358389332403515
2023-11-14,35551.2,37980.0,35360.0,37858.2,53569.13385,4495.7001953125,0.019075017703661823
2023-11-15,37858.2,37929.54,35500.0,36163.51,47490.39566,4502.8798828125,0.0015970120755575135
2023-11-16,36163.51,36800.0,35861.1,36613.92,38283.61112,4508.240234375,0.0011904273935798848
2023-11-17,36613.91,36845.49,36178.58,36568.1,17102.24186,4514.02001953125,0.0012820490603360213
2023-11-18,36568.11,37500.0,36384.02,37359.86,21246.34648,4514.02001953125,0.0
2023-11-19,37359.85,37750.0,36677.0,37448.78,36022.70291,4514.02001953125,0.0
2023-11-20,37448.79,37649.44,35735.0,35741.65,47646.54804,4547.3798828125,0.007390278097329839
2023-11-21,35741.65,37861.1,35632.01,37408.34,45051.30697,4538.18994140625,-0.0020209310950652926
2023-11-22,37408.35,37653.44,36870.0,37294.28,23827.92882,4556.6201171875,0.00406112922094648
2023-11-23,37294.27,38414.0,37251.51,37713.57,44680.80646,4556.6201171875,0.0
2023-11-24,37713.57,37888.0,37591.1,37780.67,11396.14464,4559.33984375,0.0005968736678840791
2023-11-25,37780.67,37814.63,37150.0,37447.43,21264.53723,4559.33984375,0.0
2023-11-26,37447.42,37569.23,36707.0,37242.7,30001.07376,4559.33984375,0.0
2023-11-27,37242.7,38377.0,36868.41,37818.87,37544.46667,4550.43017578125,-0.001954157460090089
2023-11-28,37818.88,38450.0,37570.0,37854.64,32994.19107,4554.89013671875,0.0009801185306033133
2023-11-29,37854.65,38145.85,37500.0,37723.96,24740.29147,4550.580078125,-0.0009462486392383118
2023-11-30,37723.97,38999.0,37615.86,38682.52,43415.66324,4567.7998046875,0.0037840728581564065
2023-12-01,38682.51,39717.14,38641.61,39450.35,26696.92161,4594.6298828125,0.005873742123607695
2023-12-02,39450.35,40250.0,39274.86,39972.26,26710.65335,4594.6298828125,0.0
2023-12-03,39972.26,42420.0,39972.26,41991.1,79272.33059,4594.6298828125,0.0
2023-12-04,41991.1,44488.0,41414.0,44073.32,67490.74644,4569.77978515625,-0.005408509126972105
2023-12-05,44073.82,44297.21,43335.28,43762.69,51431.10492,4567.18017578125,-0.0005688697261614362
2023-12-06,43762.69,44047.33,42821.1,43273.14,47103.26845,4549.33984375,-0.003906202808869552
2023-12-07,43273.15,44700.0,43081.1,44170.99,42900.37556,4585.58984375,0.007968189065892917
2023-12-08,44171.0,44358.02,43584.51,43713.6,24925.97008,4604.3701171875,0.00409549786994079
2023-12-09,43713.59,44049.0,43563.0,43789.51,18956.61758,4604.3701171875,0.0
2023-12-10,43789.5,43804.5,40222.0,41253.4,76663.89804,4604.3701171875,0.0
2023-12-11,41253.41,42104.12,40680.0,41492.39,42722.69773,4622.43994140625,0.003924494286698943
2023-12-12,41492.38,43475.2,40555.0,42869.03,45865.99773,4643.7001953125,0.00459935752021523
2023-12-13,42869.03,43420.0,41400.0,43022.26,42047.05709,4707.08984375,0.013650676351045998
2023-12-14,43022.26,43080.81,41666.0,41940.3,33421.7932,4719.5498046875,0.0026470624846992585
2023-12-15,41940.29,42724.43,41605.0,42278.03,24118.85747,4719.18994140625,-7.62494933082003e-05
2023-12-16,42278.02,42424.07,41252.0,41374.65,27722.11452,4719.18994140625,0.0
2023-12-17,41374.64,42757.81,40542.93,42657.8,46734.0925,4719.18994140625,0.0
2023-12-18,42657.8,43497.0,41811.1,42275.99,40927.86444,4740.56005859375,0.004528344366900416
2023-12-19,42275.99,44283.0,42206.0,43668.93,48710.2947,4768.3701171875,0.005866407818910568
2023-12-20,43668.92,44242.35,43286.72,43861.8,34624.29384,4698.35009765625,-0.014684266911006771
2023-12-21,43861.79,44398.26,43412.54,43969.04,32783.19638,4746.75,0.010301467821202559
2023-12-22,43969.04,43988.68,43291.1,43702.16,16557.1293,4754.6298828125,0.0016600585268868873
2023-12-23,43702.15,43946.0,42500.0,42991.5,25144.33496,4754.6298828125,0.0
2023-12-24,42991.5,43802.32,42720.43,43576.13,27021.23992,4754.6298828125,0.0
2023-12-25,43576.12,43592.68,41637.6,42508.93,41010.04282,4754.6298828125,0.0
2023-12-26,42508.93,43677.0,42098.69,43428.85,36191.21136,4774.75,0.0042316894655107795
2023-12-27,43428.86,43787.57,42241.79,42563.76,35150.52485,4781.580078125,0.0014304577464787638
2023-12-28,42563.76,43111.0,41300.0,42066.95,42597.18912,4783.35009765625,0.0003701746080437829
2023-12-29,42066.94,42612.32,41520.3,42140.28,22906.57818,4769.830078125,-0.0028264750133749628
2023-12-30,42140.29,42899.0,41965.84,42283.58,23585.91603,4769.830078125,0.0
2023-12-31,42283.58,44184.1,42180.77,44179.55,27174.29903,4769.830078125,0.0
2024-01-01,44179.55,45879.63,44148.34,44946.91,65146.40661,4769.830078125,0.0
2024-01-02,44946.91,45500.0,40750.0,42845.23,81194.55173,4742.830078125,-0.005660579005492328
2024-01-03,42845.23,44729.58,42613.77,44151.1,48038.06334,4704.81005859375,-0.008016314922730805
2024-01-04,44151.1,44357.46,42450.0,44145.11,48075.25327,4688.68017578125,-0.0034283812973570083
2024-01-05,44145.12,44214.42,43397.05,43968.32,17835.06144,4697.240234375,0.0018256861788026324
2024-01-06,43968.32,44480.59,43572.09,43929.02,23023.8508,4697.240234375,0.0
2024-01-07,43929.01,47248.99,43175.0,46951.04,72814.57589,4697.240234375,0.0
2024-01-08,46951.04,47972.0,44748.67,46110.0,69927.66617,4763.5400390625,0.014114629309846638
2024-01-09,46110.0,47695.93,44300.36,46653.99,89911.41203,4756.5,-0.0014779006799081618
2024-01-10,46654.0,48969.48,45606.06,46339.16,87470.3296,4783.4501953125,0.00566597189372442
2024-01-11,46339.16,46515.53,41500.0,42782.73,86327.93707,4780.240234375,-0.0006710555783868699
2024-01-12,42782.74,43257.0,42436.12,42847.99,36118.47464,4783.830078125,0.0007509755941104146
2024-01-13,42847.99,43079.0,41720.0,41732.35,28228.40894,4783.830078125,0.0
2024-01-14,41732.35,43400.43,41718.05,42511.1,40269.89303,4783.830078125,0.0
2024-01-15,42511.1,43578.01,42050.0,43137.95,45045.74589,4783.830078125,0.0
2024-01-16,43137.94,43198.0,42200.69,42776.1,33266.21388,4765.97998046875,-0.0037313402367431525
2024-01-17,42776.09,42930.0,40683.28,41327.5,43907.51641,4739.2099609375,-0.005616897183990499
2024-01-18,41327.51,42196.86,40280.0,41659.03,48342.74559,4780.93994140625,0.008805260963896
2024-01-19,41659.03,41872.56,41456.3,41696.04,15923.99493,4839.81005859375,0.012313502764936146
2024-01-20,41696.05,41881.39,41500.98,41580.33,11730.16301,4839.81005859375,0.0
2024-01-21,41580.32,41689.65,39431.58,39568.02,55426.19911,4839.81005859375,0.0
2024-01-22,39568.02,40176.74,38555.0,39897.6,57956.63351,4850.43017578125,0.0021943252026270788
2024-01-23,39897.59,40555.0,39484.19,40084.88,39293.82861,4864.60009765625,0.002921374261968035
2024-01-24,40084.89,40300.24,39550.0,39961.09,31022.11853,4868.5498046875,0.0008119284117831249
2024-01-25,39961.09,42246.82,39822.52,41823.51,47384.96726,4894.16015625,0.005260365527706368
2024-01-26,41823.51,42200.0,41394.34,42120.63,16224.41667,4890.97021484375,-0.0006517852510764532
2024-01-27,42120.63,42842.68,41620.81,42031.06,27294.99838,4890.97021484375,0.0
2024-01-28,42031.05,43333.0,41804.88,43302.7,31542.74207,4890.97021484375,0.0
2024-01-29,43302.71,43882.36,42683.99,42941.1,37619.24546,4927.93017578125,0.007556774896180896
2024-01-30,42941.1,43745.11,42276.84,42580.0,39871.13688,4924.97021484375,-0.0006006499345398986
2024-01-31,42580.0,43285.13,41884.28,43082.94,35231.04664,4845.64990234375,-0.016105744611597972
2024-02-01,43082.95,43488.0,42546.79,43200.0,29672.14418,4906.18994140625,0.012493688211609788
2024-02-02,43199.99,43380.01,42880.0,43011.09,12033.40998,4958.60986328125,0.01068444607751462
2024-02-03,43011.1,43119.04,42222.0,42582.88,17066.89404,4958.60986328125,0.0
2024-02-04,42582.88,43569.76,42258.1,42708.7,29467.75905,4958.60986328125,0.0
2024-02-05,42708.7,43399.98,42574.0,43098.95,24675.85433,4942.81005859375,-0.0031863375266721894
2024-02-06,43098.96,44396.5,42788.0,44349.6,34392.59915,4954.22998046875,0.0023104108269635937
2024-02-07,44349.6,45614.3,44331.1,45288.65,45439.62231,4995.06005859375,0.008241457963390042
2024-02-08,45288.66,48200.0,45242.12,47132.77,73503.481,4997.91015625,0.0005705832608251526
2024-02-09,47132.78,48170.0,46800.0,47751.09,24802.35936,5026.60986328125,0.0057423415255595245
2024-02-10,47751.08,48592.66,47557.16,48299.99,29958.80837,5026.60986328125,0.0
2024-02-11,48300.0,50334.82,47710.01,49917.27,59009.96705,5026.60986328125,0.0
2024-02-12,49917.28,50368.61,48300.95,49699.59,55551.56706,5021.83984375,-0.0009489536011326738
2024-02-13,49699.6,52043.71,49225.01,51795.17,57046.37401,4953.169921875,-0.013674255653625456
2024-02-14,51795.17,52816.62,51314.0,51880.0,53816.03055,5000.6201171875,0.009579763275017639
2024-02-15,51880.01,52572.08,51566.0,52124.11,37772.25318,5029.72998046875,0.005821250684729495
2024-02-16,52124.1,52162.82,50625.0,51642.64,25674.00622,5005.56982421875,-0.0048034698371121065
2024-02-17,51642.64,52377.0,51163.28,52137.67,21992.10363,5005.56982421875,0.0
2024-02-18,52137.68,52488.77,51677.0,51774.73,29534.99432,5005.56982421875,0.0
2024-02-19,51774.74,52985.0,50760.37,52258.82,49614.47318,5005.56982421875,0.0
2024-02-20,52258.82,52366.8,50625.0,51849.39,43079.40049,4975.509765625,-0.006005322001165325
2024-02-21,51849.38,52065.78,50940.78,51288.42,35309.44574,4981.7998046875,0.001264199922982101
2024-02-22,51288.42,51548.54,50521.0,50744.15,30545.79544,5087.02978515625,0.02112288421741404
2024-02-23,50744.15,51698.0,50585.0,51568.22,16560.4211,5088.7998046875,0.0003479475462115911
2024-02-24,51568.21,51958.55,51279.8,51728.85,18721.63159,5088.7998046875,0.0
2024-02-25,51728.85,54910.0,50901.44,54476.47,51256.72199,5088.7998046875,0.0
2024-02-26,54476.48,57588.15,54450.13,57037.34,67194.98562,5069.52978515625,-0.003786751350190576
2024-02-27,57037.35,64000.0,56691.85,62432.1,118763.46984,5078.18017578125,0.0017063496993998672
2024-02-28,62432.11,63676.35,60364.7,61130.98,78425.07603,5069.759765625,-0.001658155060430544
2024-02-29,61130.99,63114.23,60777.0,62387.9,47737.93473,5096.27001953125,0.005229094697149161
2024-03-01,62387.9,62433.19,61561.12,61987.28,25534.73659,5137.080078125,0.00800782894888763
2024-03-02,61987.28,63231.88,61320.0,63113.97,28994.90903,5137.080078125,0.0
2024-03-03,63113.97,68499.0,62300.0,68245.71,84835.16005,5137.080078125,0.0
2024-03-04,68245.71,69000.0,59005.0,63724.01,132696.7813,5130.9501953125,-0.0011932620709189656
2024-03-05,63724.01,67641.1,62779.14,66074.04,78738.85491,5078.64990234375,-0.010193100883444606
2024-03-06,66074.04,67980.0,65551.0,66823.17,53059.8869,5104.759765625,0.005141103203274655
2024-03-07,66823.18,69990.0,66082.66,68124.19,74261.932842,5157.35986328125,0.010304127925951478
2024-03-08,68124.2,68541.1,67861.1,68313.27,19872.89743,5123.68994140625,-0.0065285190034379825
2024-03-09,68313.28,69887.61,68094.75,68955.88,38404.66835,5123.68994140625,0.0
2024-03-10,68955.88,72800.0,67024.96,72078.1,75292.825726,5123.68994140625,0.0
2024-03-11,72078.1,73000.0,68620.82,71452.01,68783.546691,5117.93994140625,-0.001122238087346461
2024-03-12,71452.0,73650.25,71333.31,73072.41,52659.711647,5175.27001953125,0.011201787981366396
2024-03-13,73072.4,73777.0,68555.0,71388.94,71757.628746,5165.31005859375,-0.0019245297153407392
2024-03-14,71388.94,72419.71,65600.0,69499.85,103334.03546,5150.47998046875,-0.0028710915621273925
2024-03-15,69499.84,70043.0,64780.0,65300.63,55926.95336,5117.08984375,-0.006482917484461503
2024-03-16,65300.64,68904.4,64533.0,68393.48,49742.21589,5117.08984375,0.0
2024-03-17,68393.47,68956.0,66565.2,67609.99,55691.08088,5117.08984375,0.0
2024-03-18,67610.0,68124.11,61555.0,61937.4,101005.32487,5149.419921875,0.006318059504952345
2024-03-19,61937.41,68100.0,60775.0,67840.51,90420.58592,5178.509765625,0.0056491496501236416
2024-03-20,67840.51,68240.47,64529.01,65501.27,53357.48002,5224.6201171875,0.008904173912846591
2024-03-21,65501.28,66649.62,62260.0,63796.64,51482.37821,5241.52978515625,0.0032365354015160275
2024-03-22,63796.64,65999.0,63000.0,63990.01,26410.11409,5234.18017578125,-0.0014021878490156903
2024-03-23,63990.02,67628.69,63772.29,67209.99,31395.78015,5234.18017578125,0.0
2024-03-24,67210.0,71150.0,66385.06,69880.01,53431.14486,5234.18017578125,0.0
2024-03-25,69880.0,71561.1,69280.0,69988.0,38934.38417,5218.18994140625,-0.0030549644525015296
2024-03-26,69987.99,71769.54,68359.18,69469.99,49119.35685,5203.580078125,-0.002799795225030266
2024-03-27,69469.99,71552.06,68903.62,70780.6,35439.03239,5248.490234375,0.008630626525532925
2024-03-28,70780.6,70916.16,69009.0,69850.54,25445.08353,5254.35009765625,0.0011164855071790214
2024-03-29,69850.53,70321.1,69540.0,69582.18,13644.61142,5254.35009765625,0.0
2024-03-30,69582.17,71366.0,69562.99,71280.01,19396.34433,5254.35009765625,0.0
2024-03-31,71280.0,71288.23,68062.86,69649.8,41445.32039,5254.35009765625,0.0
2024-04-01,69649.81,69674.23,64550.0,65463.99,71799.82793,5243.77001953125,-0.0020135845401164643
2024-04-02,65463.99,66903.63,64493.07,65963.28,39887.21778,5205.81005859375,-0.0072390590731691296
2024-04-03,65963.27,69309.91,65064.52,68487.79,41510.48453,5211.490234375,0.001091122364688113
2024-04-04,68487.8,68756.67,65952.56,67820.62,37915.23073,5147.2099609375,-0.012334336350379616
2024-04-05,67820.63,69692.0,67447.83,68896.0,20134.28919,5204.33984375,0.011099194174331695
2024-04-06,68896.0,70326.29,68824.0,69360.39,21534.74433,5204.33984375,0.0
2024-04-07,69360.38,72797.99,69043.24,71620.0,45723.87624,5204.33984375,0.0
2024-04-08,71620.0,71758.19,68210.0,69146.0,39293.90242,5202.39013671875,-0.00037463099831791524
2024-04-09,69146.0,71172.08,67518.0,70631.08,42006.02377,5209.91015625,0.0014454931932483817
2024-04-10,70631.08,71305.89,69567.21,70006.23,31917.25595,5160.64013671875,-0.009456980649108493
2024-04-11,70006.22,71227.46,65086.86,67116.52,56072.86229,5199.06005859375,0.007444797710585593
2024-04-12,67116.52,67929.0,60660.57,63924.51,71395.22019,5123.41015625,-0.01455068829580164
2024-04-13,63924.52,65840.0,62134.0,65661.84,61599.17818,5123.41015625,0.0
2024-04-14,65661.85,66867.07,62274.4,63419.99,52389.53069,5123.41015625,0.0
2024-04-15,63419.99,64365.0,61600.0,63793.39,53435.29331,5061.81982421875,-0.01202135494776202
2024-04-16,63793.4,64499.0,59678.16,61277.37,50610.54509,5051.41015625,-0.0020565070133361507
2024-04-17,61277.38,64117.09,60803.35,63470.08,43601.60918,5022.2099609375,-0.005780602724641426
2024-04-18,63470.09,65450.0,59600.01,63818.01,69774.30271,5011.1201171875,-0.002208160119998248
2024-04-19,63818.01,65419.0,63090.07,64940.59,23137.42975,4967.22998046875,-0.00875854812743615
2024-04-20,64940.58,65695.56,64237.5,64941.15,19316.42152,4967.22998046875,0.0
2024-04-21,64941.15,67232.35,64500.0,66819.32,31397.99371,4967.22998046875,0.0
2024-04-22,66819.32,67183.01,65765.81,66414.0,22599.90004,5010.60009765625,0.008731248071466746
2024-04-23,66414.0,67070.43,63606.06,64289.59,33595.69637,5070.5498046875,0.011964576270872662
2024-04-24,64289.58,65297.94,62794.0,64498.34,31341.46338,5071.6298828125,0.0002130100613548791
2024-04-25,64498.33,64820.01,63297.48,63770.01,27085.19346,5048.419921875,-0.004576430353515626
2024-04-26,63770.0,63923.41,62391.24,63461.98,20933.06052,5099.9599609375,0.01020914263474304
2024-04-27,63461.98,64370.0,62781.0,63118.62,16949.20005,5099.9599609375,0.0
2024-04-28,63118.62,64228.35,61765.53,63866.0,28150.22947,5099.9599609375,0.0
2024-04-29,63866.0,64734.0,59191.6,60672.0,54947.65535,5116.169921875,0.0031784486665891176
2024-04-30,60672.01,60841.63,56552.82,58364.97,81166.46823,5035.68994140625,-0.01573051358686217
2024-05-01,58364.97,59625.0,56911.84,59060.61,47583.81961,5018.39013671875,-0.0034354388154940185
2024-05-02,59060.6,63333.0,58811.32,62882.01,43628.40143,5064.2001953125,0.009128437077573048
2024-05-03,62882.01,64540.0,62541.03,63892.04,24368.69282,5127.7900390625,0.012556739721478527
2024-05-04,63892.03,64646.0,62822.17,64012.0,18526.75029,5127.7900390625,0.0
2024-05-05,64012.0,65500.0,62700.0,63165.19,34674.91949,5127.7900390625,0.0
2024-05-06,63165.18,64422.41,62261.0,62312.08,25598.79472,5180.740234375,0.01032612390701182
2024-05-07,62312.07,63020.22,60888.0,61193.03,26121.19004,5187.7001953125,0.0013434298232750663
2024-05-08,61193.03,63429.03,60630.0,63074.01,30660.8061,5187.669921875,-5.835618166138978e-06
2024-05-09,63074.0,63469.13,60187.12,60799.99,36529.34025,5214.080078125,0.005090947698625836
2024-05-10,60799.99,61515.0,60487.09,60825.99,13374.56936,5222.68017578125,0.001649398844549843
2024-05-11,60825.99,61888.0,60610.0,61483.99,12753.13236,5222.68017578125,0.0
2024-05-12,61484.0,63450.0,60749.21,62940.08,32733.41839,5222.68017578125,0.0
2024-05-13,62940.09,63118.36,61142.77,61577.49,29088.72041,5221.419921875,-0.00024130405535727206
2024-05-14,61577.49,66444.16,61319.47,66206.5,43559.74719,5246.68017578125,0.004837813139759728
2024-05-15,66206.51,66752.01,64602.77,65235.21,31106.3671,5308.14990234375,0.011715927882596233
2024-05-16,65235.21,67451.2,65106.38,67024.0,26292.23409,5297.10009765625,-0.0020816677921287052
2024-05-17,67024.0,67400.01,66600.0,66915.2,14441.25774,5303.27001953125,0.0011647735102702228
2024-05-18,66915.2,67700.0,65857.25,66274.01,18025.30409,5303.27001953125,0.0
2024-05-19,66274.0,71515.56,66060.31,71446.62,50816.7011,5303.27001953125,0.0
2024-05-20,71446.62,71979.0,69162.94,70148.34,49607.4336,5308.1298828125,0.0009163899374069473
2024-05-21,70148.34,70666.0,68842.19,69166.62,27673.18026,5321.41015625,0.002501874243978186
2024-05-22,69166.62,70096.12,66312.16,67969.65,40513.17374,5307.009765625,-0.002706123039226127
2024-05-23,67969.66,69250.0,66600.12,68549.99,28095.83664,5267.83984375,-0.0073807894850155265
2024-05-24,68549.99,69610.0,68500.0,69290.57,12130.39418,5304.72021484375,0.0070010425881694704
2024-05-25,69290.56,69562.23,68128.01,68507.67,11872.11797,5304.72021484375,0.0
2024-05-26,68507.67,70687.56,68250.0,69436.43,23136.92737,5304.72021484375,0.0
2024-05-27,69436.43,69591.81,67277.91,68398.39,32622.97042,5304.72021484375,0.0
2024-05-28,68398.4,68935.68,67124.65,67652.42,23159.83149,5306.0400390625,0.0002488018529340774
2024-05-29,67652.41,69500.0,67128.0,68352.17,28478.2184,5266.9501953125,-0.007367046509680453
2024-05-30,68352.17,69044.1,66670.0,67540.01,26690.32184,5235.47998046875,-0.005975035585443322
2024-05-31,67540.01,67900.0,67428.44,67766.85,8837.66133,5277.509765625,0.00802787620486467
2024-06-01,67766.84,68460.0,67257.47,67765.63,15426.32529,5277.509765625,0.0
2024-06-02,67765.62,70288.0,67612.48,68809.9,29633.374,5277.509765625,0.0
2024-06-03,68809.89,71063.45,68567.32,70537.84,29619.78489,5283.39990234375,0.0011160825806737495
2024-06-04,70537.83,71758.0,70383.66,71108.0,28703.18082,5291.33984375,0.0015028090913065117
2024-06-05,71108.0,71700.0,70117.64,70799.06,21842.00449,5354.02978515625,0.011847649793331305
2024-06-06,70799.06,71997.02,68420.0,69355.6,35598.45045,5352.9599609375,-0.00019981663563317653
2024-06-07,69355.6,69582.2,69168.02,69310.46,9773.82967,5346.990234375,-0.0011152197300303701
2024-06-08,69310.46,69857.14,69130.24,69648.14,9890.56709,5346.990234375,0.0
2024-06-09,69648.15,70195.94,69172.29,69540.0,17122.66941,5346.990234375,0.0
2024-06-10,69540.0,69590.01,66051.0,67314.24,41436.01588,5360.7900390625,0.0025808546645145203
2024-06-11,67314.23,69999.0,66905.0,68263.99,37175.32356,5375.31982421875,0.0027103813151374556
2024-06-12,68263.98,68449.3,66251.78,66773.01,29079.55571,5421.02978515625,0.008503672791998707
2024-06-13,66773.01,67370.24,65078.0,66043.99,28408.18797,5433.740234375,0.0023446558536817097
2024-06-14,66043.99,66478.48,65857.1,66228.25,11451.80242,5431.60009765625,-0.000393860697500914
2024-06-15,66228.25,66998.7,66034.5,66676.87,9392.52223,5431.60009765625,0.0
2024-06-16,66676.86,67298.81,65130.0,66504.33,27386.16851,5431.60009765625,0.0
2024-06-17,66504.33,66588.23,64060.0,65175.32,42350.10244,5473.22998046875,0.007664386564552705
2024-06-18,65175.32,65727.54,64666.0,64974.37,20060.79576,5487.02978515625,0.0025213273947457537
2024-06-19,64974.37,66482.94,64559.15,64869.99,24265.29031,5487.02978515625,0.0
2024-06-20,64869.99,65066.66,63379.35,64143.56,25993.56442,5473.169921875,-0.0025259318472709014
2024-06-21,64143.56,64546.81,63943.82,64262.01,7308.95542,5464.6201171875,-0.001562130321101196
2024-06-22,64262.01,64521.0,63178.32,63210.01,8224.45447,5464.6201171875,0.0
2024-06-23,63210.01,63369.8,58402.0,60293.3,52161.35414,5464.6201171875,0.0
2024-06-24,60293.3,62420.0,60257.06,61806.01,31189.24361,5447.8701171875,-0.003065171894990004
2024-06-25,61806.01,62487.81,60712.0,60864.99,22485.66463,5469.2998046875,0.003933590015736899
2024-06-26,60864.98,62389.22,60606.63,61706.47,18344.28631,5477.89990234375,0.0015724312002203256
2024-06-27,61706.46,62225.31,60063.0,60427.84,24821.19255,5482.8701171875,0.0009073212238914774
2024-06-28,60427.84,61224.0,60383.77,60986.68,11509.55904,5460.47998046875,-0.004083652583445674
2024-06-29,60986.68,63058.76,60712.21,62772.01,17326.30136,5460.47998046875,0.0
2024-06-30,62772.01,63861.76,62497.2,62899.99,24547.10538,5460.47998046875,0.0
2024-07-01,62900.0,63288.83,61806.28,62135.47,18573.11875,5475.08984375,0.0026755639309195
2024-07-02,62135.46,62285.94,59400.0,60208.58,32160.11127,5509.009765625,0.006195317856513505
2024-07-03,60208.57,60498.19,56771.0,57050.01,54568.77276,5537.02001953125,0.005084444409779065
2024-07-04,57050.02,57546.0,53485.93,56628.79,81348.24756,5537.02001953125,0.0
2024-07-05,56628.79,58475.0,56018.0,58230.13,21651.31558,5567.18994140625,0.005448765178485582
2024-07-06,58230.13,58449.46,55724.37,55857.81,19118.93918,5567.18994140625,0.0
2024-07-07,55857.81,58236.73,54260.16,56714.62,48090.2049,5567.18994140625,0.0
2024-07-08,56714.61,58296.0,56289.45,58050.0,27732.20788,5572.85009765625,0.0010166989647510949
2024-07-09,58050.0,59470.0,57157.79,57725.85,24951.73799,5576.97998046875,0.0007410719362856977
2024-07-10,57725.85,59650.0,57050.0,57339.89,29761.05735,5633.91015625,0.010208065293514812
2024-07-11,57339.89,58526.68,56542.47,57889.1,23652.4569,5584.5400390625,-0.008763028841120457
2024-07-12,57889.09,59850.0,57756.63,59204.02,15357.74519,5615.35009765625,0.0055170270744306915
2024-07-13,59204.01,61420.69,59194.01,60797.91,21178.33907,5615.35009765625,0.0
2024-07-14,60797.91,64900.0,60632.3,64724.14,38690.9782,5615.35009765625,0.0
2024-07-15,64724.06,65388.97,62373.24,65043.99,42530.52915,5631.22021484375,0.0028262026252154904
2024-07-16,65044.0,66128.63,63854.0,64087.99,29567.52954,5667.2001953125,0.006389375498743188
2024-07-17,64087.99,65133.3,63238.48,63987.92,22568.7225,5588.27001953125,-0.013927543241993745
2024-07-18,63987.92,67386.0,63300.67,66660.0,35634.72739,5544.58984375,-0.007816403936922511
2024-07-19,66660.01,67598.0,66222.46,67139.96,14386.92434,5505.0,-0.007140265531926926
2024-07-20,67139.97,68366.66,65777.0,68165.34,21819.11191,5505.0,0.0
2024-07-21,68165.35,68474.55,66559.97,67532.01,21451.04303,5505.0,0.0
2024-07-22,67532.0,67750.98,65441.08,65936.01,31406.15316,5564.41015625,0.01079203564940956
2024-07-23,65936.0,67102.01,65111.0,65376.0,23082.56277,5555.740234375,-0.001558102589770738
2024-07-24,65376.01,66175.49,63456.7,65799.95,35126.42934,5427.1298828125,-0.02314909375473495
2024-07-25,65799.95,68200.0,65722.63,67907.99,24244.36023,5399.22021484375,-0.005142620237842288
2024-07-26,67908.0,69399.99,66650.0,67896.5,31710.21921,5459.10009765625,0.011090468702846357
2024-07-27,67896.49,68318.43,67066.66,68249.88,10868.69394,5459.10009765625,0.0
2024-07-28,68249.88,70079.99,66428.0,66784.69,36467.29633,5459.10009765625,0.0
2024-07-29,66784.68,67000.0,65302.67,66188.0,23132.25441,5463.5400390625,0.0008133101292933098
2024-07-30,66188.0,66849.24,64530.0,64628.0,22625.43905,5436.43994140625,-0.004960171878030217
2024-07-31,64628.01,65659.78,62302.0,65354.02,35542.26854,5522.2998046875,0.0157933986591674
2024-08-01,65354.02,65596.14,61230.01,61498.33,38820.42937,5446.68017578125,-0.013693502993456064
2024-08-02,61498.34,62198.22,59850.0,60697.99,28034.71567,5346.56005859375,-0.018381860868696753
2024-08-03,60697.99,61117.63,57122.77,58161.0,31616.52003,5346.56005859375,0.0
2024-08-04,58161.0,58305.59,49000.0,54018.81,162065.59186,5346.56005859375,0.0
2024-08-05,54018.82,57040.99,53950.0,56022.01,55884.77676,5186.330078125,-0.02996879838863975
2024-08-06,56022.0,57736.05,54558.62,55134.16,44269.37684,5240.02978515625,0.010354085880061037
2024-08-07,55133.76,62745.14,54730.0,61685.99,48349.52949,5199.5,-0.007734647858502863
2024-08-08,61686.0,61744.37,59535.0,60837.99,30972.48017,5319.31005859375,0.023042611519136447
2024-08-09,60837.99,61470.58,60242.0,60923.51,9995.20621,5344.16015625,0.004671676849538509
2024-08-10,60923.51,61858.0,58286.73,58712.59,19189.84512,5344.16015625,0.0
2024-08-11,58712.59,60711.09,57642.21,59346.64,37009.91743,5344.16015625,0.0
2024-08-12,59346.64,61578.1,58392.88,60587.15,27858.95851,5344.39013671875,4.303397765514916e-05
2024-08-13,60587.16,61800.0,58433.18,58683.39,28422.76326,5434.43017578125,0.016847579753558328
2024-08-14,58683.39,59849.38,56078.54,57541.06,37686.17622,5455.2099609375,0.0038237284285767004
2024-08-15,57541.05,59817.76,57098.62,58874.6,27610.84344,5543.22021484375,0.016133247764330783
2024-08-16,58874.59,59700.0,58785.05,59491.99,7721.72931,5554.25,0.001989779357261412
2024-08-17,59491.99,60284.99,58408.92,58427.35,13634.85717,5554.25,0.0
2024-08-18,58427.35,59617.63,57787.3,59438.5,22809.31251,5554.25,0.0
2024-08-19,59438.5,61400.0,58548.23,59013.8,31477.44548,5608.25,0.009722284736913167
2024-08-20,59013.8,61820.93,58783.47,61156.03,27983.6422,5597.1201171875,-0.0019845553982971165
2024-08-21,61156.03,61400.0,59724.87,60375.84,21241.20588,5620.85009765625,0.004239676828782013
2024-08-22,60375.83,64955.0,60342.14,64037.24,38118.07089,5570.64013671875,-0.008932805548120926
2024-08-23,64037.24,64494.5,63531.0,64157.01,15857.15616,5634.60986328125,0.01148337085011919
2024-08-24,64157.02,65000.0,63773.27,64220.0,12305.47977,5634.60986328125,0.0
2024-08-25,64219.99,64481.0,62800.0,62834.0,19470.05276,5634.60986328125,0.0
2024-08-26,62834.0,63212.0,58034.01,59415.0,35135.94178,5616.83984375,-0.0031537266931381813
2024-08-27,59415.0,60234.98,57860.0,59034.9,36868.54275,5625.7998046875,0.0015951960865450143
2024-08-28,59034.9,61166.99,58713.09,59359.01,27020.90743,5592.18017578125,-0.00597597320797616
2024-08-29,59359.0,59944.07,57701.1,59123.99,28519.32195,5591.9599609375,-3.937906806072977e-05
2024-08-30,59123.99,59462.38,58744.0,58973.99,8798.409,5648.39990234375,0.010093051774424433
2024-08-31,58974.0,59076.59,57201.0,57301.86,20705.15741,5648.39990234375,0.0
2024-09-01,57301.77,59425.69,57128.0,59132.13,22895.01461,5648.39990234375,0.0
2024-09-02,59132.12,59809.65,57415.0,57487.73,22828.18447,5648.39990234375,0.0
2024-09-03,57487.74,58519.0,55606.0,57970.9,35560.82146,5528.93017578125,-0.02115107439771169
2024-09-04,57970.9,58327.07,55643.65,56180.0,27806.91413,5520.06982421875,-0.0016025435809103872
2024-09-05,56180.0,57008.0,52550.0,53962.97,54447.76826,5503.41015625,-0.003018017615584734
2024-09-06,53962.97,54850.0,53745.54,54160.86,16694.04774,5408.419921875,-0.01726024985928465
2024-09-07,54160.86,55318.0,53629.01,54869.95,16274.14779,5408.419921875,0.0
2024-09-08,54869.95,58088.0,54591.96,57042.0,32384.51737,5408.419921875,0.0
2024-09-09,57042.01,58044.36,56386.4,57635.99,23626.78126,5471.0498046875,0.0115800702824842
2024-09-10,57635.99,57981.71,55545.19,57338.0,33026.56757,5495.52001953125,0.004472672652839682
2024-09-11,57338.0,58588.0,57324.0,58132.32,31074.40631,5554.1298828125,0.010665025888896507
2024-09-12,58132.31,60625.0,57632.62,60498.0,29825.23333,5595.759765625,0.007495302358939249
2024-09-13,60497.99,60610.45,59400.0,59993.03,12137.90901,5626.02001953125,0.005407711405364557
2024-09-14,59993.02,60395.8,58691.05,59132.0,13757.92361,5626.02001953125,0.0
2024-09-15,59132.0,59210.7,57493.3,58213.99,26477.5642,5626.02001953125,0.0
2024-09-16,58213.99,61320.0,57610.01,60313.99,33116.25878,5633.08984375,0.0012566297656613212
2024-09-17,60313.99,61786.24,59174.8,61759.99,36087.02469,5634.580078125,0.00026455008109871336
2024-09-18,61759.98,63850.0,61555.0,62947.99,34332.52608,5618.259765625,-0.002896455862498093
2024-09-19,62948.0,64133.32,62350.0,63201.05,25466.37794,5713.64013671875,0.01697685316676334
2024-09-20,63201.05,63559.9,62758.0,63348.96,8375.34608,5702.5498046875,-0.0019410273951238066
2024-09-21,63348.97,64000.0,62357.93,63578.76,14242.19892,5702.5498046875,0.0
2024-09-22,63578.76,64745.88,62538.75,63339.99,24078.05287,5702.5498046875,0.0
2024-09-23,63339.99,64688.0,62700.0,64262.7,23185.04759,5718.56982421875,0.0028092730585327352
2024-09-24,64262.7,64817.99,62947.08,63152.01,17813.11168,5732.93017578125,0.0025111788443470395
2024-09-25,63152.01,65839.0,62670.0,65173.99,28373.30593,5722.259765625,-0.0018612489301417234
2024-09-26,65173.99,66498.0,64819.9,65769.95,22048.80487,5745.3701171875,0.00403867571712313
2024-09-27,65769.95,66260.0,65422.23,65858.0,9127.23316,5738.169921875,-0.0012532169669905446
2024-09-28,65858.0,66076.12,65432.0,65602.01,8337.74111,5738.169921875,0.0
2024-09-29,65602.01,65618.8,62856.3,63327.59,30011.08752,5738.169921875,0.0
2024-09-30,63327.6,64130.63,60164.0,60805.78,43671.48108,5762.47998046875,0.004236552581176722
2024-10-01,60804.92,62390.31,60000.0,60649.28,31534.70118,5708.75,-0.009324107094664358
2024-10-02,60649.27,61477.19,59828.11,60752.71,26221.43472,5709.5400390625,0.00013839090212397487
2024-10-03,60752.72,62484.85,60459.9,62086.0,21294.65994,5699.93994140625,-0.001681413492255035
2024-10-04,62086.0,62370.56,61689.26,62058.0,7807.46141,5751.06982421875,0.008970249395274354
2024-10-05,62058.01,62975.0,61798.97,62819.91,8906.86177,5751.06982421875,0.0
2024-10-06,62819.91,64478.19,62128.0,62224.0,25966.1852,5751.06982421875,0.0
2024-10-07,62224.01,63200.0,61860.31,62160.49,19702.22371,5695.93994140625,-0.009586022165882668
2024-10-08,62160.5,62543.75,60301.0,60636.02,20011.15684,5751.1298828125,0.009689347495581924
2024-10-09,60636.01,61321.68,58946.0,60326.39,23967.92481,5792.0400390625,0.007113411987488272
2024-10-10,60326.4,63417.56,60087.64,62540.0,23641.35209,5780.0498046875,-0.002070122839989974
2024-10-11,62539.99,63480.0,62487.23,63206.22,10911.30116,5815.02978515625,0.006051847587953629
2024-10-12,63206.23,63285.72,62050.0,62870.02,11909.21995,5815.02978515625,0.0
2024-10-13,62870.02,66500.0,62457.81,66083.99,37669.95222,5815.02978515625,0.0
2024-10-14,66084.0,67950.0,64800.01,67074.14,43683.95423,5859.85009765625,0.0077076668832223305
2024-10-15,67074.14,68424.0,66750.49,67620.01,29938.25544,5815.259765625,-0.007609466332438197
2024-10-16,67620.0,67939.4,66666.0,67421.78,25328.22861,5842.47021484375,0.004679145956573816
2024-10-17,67421.78,69000.0,67192.36,68428.0,28725.635,5841.47021484375,-0.00017116047891174713
2024-10-18,68427.99,68693.26,68010.0,68378.0,8193.66737,5864.669921875,0.00397155273894878
2024-10-19,68377.99,69400.0,68100.0,69031.99,12442.47378,5864.669921875,0.0
2024-10-20,69032.0,69519.52,66840.67,67377.5,31374.42184,5864.669921875,0.0
2024-10-21,67377.5,67836.01,66571.42,67426.0,24598.96268,5853.97998046875,-0.0018227694906369774
2024-10-22,67426.01,67472.83,65260.0,66668.65,25530.2407,5851.2001953125,-0.0004748538883844189
2024-10-23,66668.65,68850.0,66510.0,68198.28,22589.83877,5797.419921875,-0.009191323428069387
2024-10-24,68198.27,68771.49,65596.29,66698.33,34479.71125,5809.85986328125,0.002145772011323821
2024-10-25,66698.32,67454.55,66439.9,67092.76,11842.9077,5808.1201171875,-0.00029944716993013376
2024-10-26,67092.76,68332.05,66913.73,68021.7,8653.19592,5808.1201171875,0.0
2024-10-27,68021.69,70270.0,67618.0,69962.21,29046.75459,5808.1201171875,0.0
2024-10-28,69962.21,73620.12,69760.0,72736.42,50128.60594,5823.52001953125,0.0026514435020339455
2024-10-29,72736.41,72961.0,71436.0,72344.74,26885.99056,5832.919921875,0.001614127248163344
2024-10-30,72344.75,72700.0,69685.76,70292.01,29352.10297,5813.669921875,-0.003300233889343751
2024-10-31,70292.01,71632.95,68820.14,69496.01,38301.86755,5705.4501953125,-0.018614700871699585
2024-11-01,69496.0,69914.37,69000.14,69374.74,10521.67243,5728.7998046875,0.004092509543626166
2024-11-02,69374.74,69391.0,67478.73,68775.99,24995.70243,5728.7998046875,0.0
2024-11-03,68775.99,69500.0,66835.0,67850.01,29800.39187,5728.7998046875,0.0
2024-11-04,67850.01,70577.91,67476.63,69372.01,33355.06888,5712.68994140625,-0.002812083478299976
2024-11-05,69372.01,76400.0,69298.0,75571.99,104126.994787,5782.759765625,0.012265644545291332
2024-11-06,75571.99,76849.99,74416.0,75857.89,44869.422345,5929.0400390625,0.025295927786425976
2024-11-07,75857.89,77199.99,75555.0,76509.78,36521.099583,5973.10009765625,0.007431229727488331
2024-11-08,76509.78,76900.0,75714.66,76677.46,16942.07915,5995.5400390625,0.0037568333092317108
2024-11-09,76677.46,81500.0,76492.0,80370.01,61830.100435,5995.5400390625,0.0
2024-11-10,80370.01,89530.54,80216.01,88647.99,82323.665776,5995.5400390625,0.0
2024-11-11,88648.0,89940.0,85072.0,87952.01,97299.887911,6001.35009765625,0.0009690634297987444
2024-11-12,87952.0,93265.64,86127.99,90375.2,86763.854127,5983.990234375,-0.00289265965137242
2024-11-13,90375.21,91790.0,86668.21,87325.59,56729.51086,5985.3798828125,0.00023222772482434095
2024-11-14,87325.59,91850.0,87073.38,91032.07,47927.95068,5949.169921875,-0.006049734794859041
2024-11-15,91032.08,91779.66,90056.17,90586.92,22717.87689,5870.6201171875,-0.013203489851361216
2024-11-16,90587.98,91449.99,88722.0,89855.99,23867.55609,5870.6201171875,0.0
2024-11-17,89855.98,92594.0,89376.9,90464.08,46545.03448,5870.6201171875,0.0
2024-11-18,90464.07,93905.51,90357.0,92310.79,43660.04682,5893.6201171875,0.003917814394541086
2024-11-19,92310.8,94831.97,91500.0,94286.56,42203.198712,5916.97998046875,0.003963584828470035
2024-11-20,94286.56,98988.0,94040.0,98317.12,69228.360477,5917.10986328125,2.195086225209586e-05
2024-11-21,98317.12,99588.01,97122.11,98892.0,46189.309243,5948.7099609375,0.0053404615405816536
2024-11-22,98892.0,98908.85,97136.0,97672.4,24757.84367,5969.33984375,0.003467959094991535
2024-11-23,97672.4,98564.0,95734.77,97900.04,31200.97838,5969.33984375,0.0
2024-11-24,97900.05,98871.8,92600.19,93010.01,50847.45096,5969.33984375,0.0
2024-11-25,93010.01,94973.37,90791.1,91965.16,57858.73138,5987.3701171875,0.003020480305938378
2024-11-26,91965.16,97208.21,91792.14,95863.11,41153.42734,6021.6298828125,0.005722005647630368
2024-11-27,95863.11,96564.0,94640.0,95643.98,28814.54357,5998.740234375,-0.003801238017440034
2024-11-28,95643.99,98619.99,95364.99,97460.0,27701.78231,5998.740234375,0.0
2024-11-29,97460.0,97463.95,96092.01,96407.99,14503.83306,6032.3798828125,0.005607785488815242
2024-11-30,96407.99,97836.0,95693.88,97185.18,16938.60452,6032.3798828125,0.0
2024-12-01,97185.17,98130.0,94395.0,95840.62,37958.66981,6032.3798828125,0.0
2024-12-02,95840.61,96305.52,93578.17,95849.69,35827.32283,6047.14990234375,0.0024484564662998753
2024-12-03,95849.69,99000.0,94587.83,98587.32,43850.53728,6049.8798828125,0.0004514491145146682
2024-12-04,98587.32,104088.0,90500.0,96945.63,109921.729662,6086.490234375,0.006051417924264779
2024-12-05,96945.63,101898.99,95981.72,99740.84,45049.5331,6075.10986328125,-0.0018697756269248078
2024-12-06,99740.84,100439.18,98844.0,99831.99,14931.9459,6090.27001953125,0.0024954538421815275
2024-12-07,99831.99,101351.0,98657.7,101109.59,14612.99688,6090.27001953125,0.0
2024-12-08,101109.6,101215.93,94150.05,97276.47,53949.11595,6090.27001953125,0.0
2024-12-09,97276.48,98270.0,94256.54,96593.0,51708.68933,6052.85009765625,-0.006144213927296471
2024-12-10,96593.0,101888.0,95658.24,101125.0,37753.78291,6034.91015625,-0.002963883313944371
2024-12-11,101125.0,102540.0,99311.64,100004.29,29232.08745,6084.18994140625,0.008165786048233592
2024-12-12,100004.29,101895.26,99205.0,101424.25,21904.03923,6051.25,-0.005414022527810203
2024-12-13,101424.24,102650.0,100609.41,101420.0,14191.70326,6051.08984375,-2.6466639124200775e-05
2024-12-14,101420.0,105250.0,101237.14,104463.99,22228.921775,6051.08984375,0.0
2024-12-15,104463.99,107793.07,103333.0,106058.66,41302.40274,6051.08984375,0.0
2024-12-16,106058.65,108353.0,105321.49,106133.74,29064.936466,6074.080078125,0.0037993543260221863
2024-12-17,106133.74,106524.98,100000.0,100204.01,50307.99755,6050.60986328125,-0.003863994965801476
2024-12-18,100204.01,102800.11,95700.0,97461.86,55147.398,5872.16015625,-0.02949284635160343
2024-12-19,97461.86,98233.0,92232.54,97805.44,62884.1357,5867.080078125,-0.0008651123249070469
2024-12-20,97805.44,99540.61,96398.39,97291.99,23483.54143,5930.85009765625,0.010869123768910471
2024-12-21,97292.0,97448.08,94250.35,95186.27,19353.83036,5930.85009765625,0.0
2024-12-22,95186.28,96538.92,92520.0,94881.47,32810.76703,5930.85009765625,0.0
2024-12-23,94881.47,99487.99,93569.02,98663.58,23674.22488,5974.06982421875,0.007287273468533639
2024-12-24,98663.58,99569.15,97632.02,99429.6,14474.1651,6040.0400390625,0.01104275925539211
2024-12-25,99429.61,99963.7,95199.14,95791.6,21192.36727,6040.0400390625,0.0
2024-12-26,95791.6,97544.58,93500.01,94299.03,26501.26429,6037.58984375,-0.00040565878647391695
2024-12-27,94299.03,95733.99,94135.66,95300.0,8385.8929,5970.83984375,-0.011055736101235558
2024-12-28,95300.0,95340.0,93009.52,93738.2,13576.00578,5970.83984375,0.0
2024-12-29,93738.19,95024.5,91530.45,92792.05,27619.4225,5970.83984375,0.0
2024-12-30,92792.05,96250.0,92033.73,93576.0,19612.03389,5906.93994140625,-0.010701995701766776
2024-12-31,93576.0,95151.15,92888.0,94591.79,10373.32613,5881.6298828125,-0.004284800394927402
2025-01-01,94591.78,97839.5,94392.0,96984.79,21970.48948,5881.6298828125,0.0
2025-01-02,96984.79,98976.91,96100.01,98174.18,15253.82936,5868.5498046875,-0.0022238866412221947
2025-01-03,98174.17,98778.43,97514.79,98220.5,8990.05651,5942.47021484375,0.01259602672149196
2025-01-04,98220.51,98836.85,97276.79,98363.61,8095.63723,5942.47021484375,0.0
2025-01-05,98363.61,102480.0,97920.0,102235.6,25263.43375,5942.47021484375,0.0
2025-01-06,102235.6,102724.38,96181.81,96954.61,32059.87537,5975.3798828125,0.005538045085450305
2025-01-07,96954.6,97268.65,92500.9,95060.61,33704.67894,5909.02978515625,-0.01110391288210788
2025-01-08,95060.61,95382.32,91203.67,92552.49,34544.83685,5918.25,0.001560360190925314
2025-01-09,92552.49,95836.0,92206.02,94726.11,31482.86424,5918.25,0.0
2025-01-10,94726.1,95050.94,93831.73,94599.99,7047.9043,5827.0400390625,-0.01541164380306681
2025-01-11,94599.99,95450.1,93711.19,94545.06,8606.86622,5827.0400390625,0.0
2025-01-12,94545.07,95940.0,89256.69,94536.1,42619.56423,5827.0400390625,0.0
2025-01-13,94536.11,97371.0,94346.22,96560.86,27846.61753,5836.22021484375,0.0015754440882007614
2025-01-14,96560.85,100681.94,96500.0,100497.35,30509.99179,5842.91015625,0.0011462798112440442
2025-01-15,100497.35,100866.66,97335.13,99987.3,27832.85317,5949.91015625,0.018312792279639112
2025-01-16,99987.3,105865.22,99950.77,104077.48,39171.85292,5937.33984375,-0.0021126894641922966
2025-01-17,104077.47,104988.88,102277.55,104556.23,24307.82998,5996.66015625,0.009991058969353706
2025-01-18,104556.23,106422.43,99651.6,101331.57,43397.28298,5996.66015625,0.0
2025-01-19,101331.57,109588.0,99550.0,102260.01,89529.231732,5996.66015625,0.0
2025-01-20,102260.0,107240.81,100119.04,106143.82,45941.02002,5996.66015625,0.0
2025-01-21,106143.82,106394.46,103339.12,103706.66,22248.69254,6049.240234375,0.008768227105582893
2025-01-22,103706.66,106850.0,101262.28,103910.34,53953.12031,6086.3701171875,0.006137941522227575
2025-01-23,103910.35,107120.0,102750.0,104870.5,23609.24017,6118.7099609375,0.00531348622041139
2025-01-24,104870.51,105286.52,104106.09,104746.85,9068.32377,6101.240234375,-0.002855132319398823
2025-01-25,104746.86,105500.0,102520.44,102620.0,9812.51238,6101.240234375,0.0
2025-01-26,102620.01,103260.0,97777.77,102082.83,50758.1341,6101.240234375,0.0
2025-01-27,102082.83,103800.0,100272.68,101335.52,22022.05765,6012.27978515625,-0.014580715690809543
2025-01-28,101335.52,104782.68,101328.01,103733.24,23155.35802,6067.7001953125,0.009217869449967608
2025-01-29,103733.25,106457.44,103278.54,104722.94,19374.07472,6039.31005859375,-0.004678895760321544
2025-01-30,104722.94,106012.0,101560.0,102429.56,21983.18193,6071.169921875,0.005275414405311762
2025-01-31,102429.56,102783.71,100279.51,100635.65,12290.95747,6040.52978515625,-0.005046825754019935
2025-02-01,100635.66,101456.6,96150.0,97700.59,34619.49939,6040.52978515625,0.0
2025-02-02,97700.59,102500.01,91231.0,101328.52,75164.7385,6040.52978515625,0.0
2025-02-03,101328.51,101732.31,96150.0,97763.13,40267.98697,5994.56982421875,-0.007608597684666707
2025-02-04,97763.14,99149.0,96155.0,96612.43,26233.30444,6037.8798828125,0.007224881828679752
2025-02-05,96612.44,99120.0,95676.64,96554.35,23515.20405,6061.47998046875,0.003908672930614365
2025-02-06,96554.35,100137.99,95620.34,96506.8,31794.22065,6083.56982421875,0.003644298722618622
2025-02-07,96506.8,96880.0,95688.0,96444.74,10147.24294,6025.990234375,-0.009464770111542897
2025-02-08,96444.75,97323.09,94713.0,96462.75,14120.91613,6025.990234375,0.0
2025-02-09,96462.75,98345.0,95256.0,97430.82,20572.87537,6025.990234375,0.0
2025-02-10,97430.82,98478.42,94876.88,95778.2,18647.76379,6066.43994140625,0.006712541085862833
2025-02-11,95778.21,98119.99,94088.23,97869.99,29151.16625,6068.5,0.00033958278885926063
2025-02-12,97870.0,98083.91,95217.36,96608.14,19921.77616,6051.97021484375,-0.0027238667143857365
2025-02-13,96608.13,98826.0,96252.82,97500.48,18173.02646,6115.06982421875,0.010426292122230674
2025-02-14,97500.47,97972.26,97223.58,97569.66,7349.37683,6114.6298828125,-7.194380749464546e-05
2025-02-15,97569.67,97704.47,96046.18,96118.12,8191.4249,6114.6298828125,0.0
2025-02-16,96118.12,97046.59,95205.0,95780.0,16492.0451,6114.6298828125,0.0
2025-02-17,95780.01,96753.91,93388.09,95671.74,23368.19471,6114.6298828125,0.0
2025-02-18,95671.74,96899.99,95029.99,96644.37,16438.50954,6129.580078125,0.0024449877750611915
2025-02-19,96644.37,98711.36,96415.09,98305.0,17057.39177,6144.14990234375,0.0023769693899173827
2025-02-20,98305.01,99475.0,94871.95,96181.98,32249.2814,6117.52001953125,-0.0043341850761716705
2025-02-21,96181.99,96980.0,95770.49,96551.01,11268.17708,6013.1298828125,-0.01706412670256352
2025-02-22,96551.01,96650.0,95227.94,96258.0,10884.84913,6013.1298828125,0.0
2025-02-23,96258.0,96500.0,91349.26,91552.88,31550.10299,6013.1298828125,0.0
2025-02-24,91552.88,92540.69,86050.99,88680.4,78333.11111,5983.25,-0.00496910650440241
2025-02-25,88680.39,89414.15,82256.01,84250.09,56893.54409,5955.25,-0.004679730915472358
2025-02-26,84250.09,87078.46,82716.49,84708.58,42505.45439,5956.06005859375,0.00013602428004699796
2025-02-27,84708.57,85120.0,78258.52,84349.94,83648.03969,5861.56982421875,-0.015864553655509872
2025-02-28,84349.95,86558.0,83824.78,86064.53,25785.05464,5954.5,0.01585414463498891
2025-03-01,86064.54,95000.0,85050.6,94270.0,54889.09045,5954.5,0.0
2025-03-02,94269.99,94416.46,85117.11,86220.61,59171.10218,5954.5,0.0
2025-03-03,86221.16,88967.52,81500.0,87281.98,55609.10706,5849.72021484375,-0.0175967394669998
2025-03-04,87281.98,91000.0,86334.53,90606.01,38264.01163,5778.14990234375,-0.012234826602200433
2025-03-05,90606.0,92810.64,87836.0,89931.89,34342.44902,5842.6298828125,0.011159277893187936
2025-03-06,89931.88,91283.02,84667.03,86801.75,57980.35713,5738.52001953125,-0.017819007085749905
2025-03-07,86801.74,86897.25,85218.47,86222.45,12989.23054,5770.2001953125,0.00552061780274804
2025-03-08,86222.46,86500.0,80000.0,80734.37,26115.39345,5770.2001953125,0.0
2025-03-09,80734.48,84123.46,77459.91,78595.86,47633.38405,5770.2001953125,0.0
2025-03-10,78595.86,83617.4,76606.0,82932.99,48770.06853,5614.56005859375,-0.0269730913054258
2025-03-11,82932.99,84539.85,80607.65,83680.12,31933.986,5572.06982421875,-0.007567865323653167
2025-03-12,83680.12,84336.33,79939.9,81115.78,27546.27412,5599.2998046875,0.004886869929446425
2025-03-13,81115.78,85309.71,80818.84,83983.2,26858.52755,5521.52001953125,-0.013890984206835322
2025-03-14,83983.19,84676.28,83618.0,84338.44,11324.7332,5638.93994140625,0.021265869083087807
2025-03-15,84338.44,85117.04,81981.12,82574.53,17596.12531,5638.93994140625,0.0
2025-03-16,82574.52,84756.83,82456.0,84010.03,17214.74358,5638.93994140625,0.0
2025-03-17,84010.02,84021.74,81134.66,82715.03,17610.89883,5675.1201171875,0.006416130719105961
2025-03-18,82715.03,87000.0,82547.16,86845.94,28151.05374,5614.66015625,-0.010653512117636543
2025-03-19,86845.93,87453.67,83655.23,84223.39,22090.30463,5675.2900390625,0.010798495567894584
2025-03-20,84223.38,84850.33,83175.25,84088.79,11956.97443,5662.89013671875,-0.0021848931523151816
2025-03-21,84088.79,84539.17,83625.1,83840.59,5420.22114,5667.56005859375,0.0008246534476661349
2025-03-22,83840.59,86129.64,83809.75,86082.5,8461.97813,5667.56005859375,0.0
2025-03-23,86082.5,88765.43,85519.09,87498.16,30115.62111,5667.56005859375,0.0
2025-03-24,87498.16,88539.63,86310.0,87392.87,22643.25248,5767.56982421875,0.017646000146633645
2025-03-25,87392.88,88275.0,85860.0,86909.17,18408.78485,5776.64990234375,0.0015743334544251475
2025-03-26,86909.17,87756.39,85800.0,87232.01,17098.03897,5712.2001953125,-0.011156934922627149
2025-03-27,87232.01,87515.67,83585.0,84424.38,27182.73169,5693.31005859375,-0.003306980860763864
2025-03-28,84424.38,84624.73,81644.81,82648.54,11696.39864,5580.93994140625,-0.01973722070834405
2025-03-29,82648.53,83534.64,81565.0,82389.99,9864.49508,5580.93994140625,0.0
2025-03-30,82390.0,83943.08,81278.52,82550.01,20569.13885,5580.93994140625,0.0
2025-03-31,82550.0,85579.46,82432.74,85158.34,20190.39697,5611.85009765625,0.005538521570653376
2025-04-01,85158.35,88500.0,82320.0,82516.29,39931.457,5633.06982421875,0.0037812354559083605
2025-04-02,82516.28,83998.02,81211.24,83213.09,27337.84135,5670.97021484375,0.006728194715792668
2025-04-03,83213.09,84720.0,81659.0,83889.87,32915.53976,5396.52001953125,-0.04839563335990149
2025-04-04,83889.87,84266.0,82379.95,83537.99,9360.40468,5074.080078125,-0.05974960534553109
2025-04-05,83537.99,83817.63,77153.83,78430.0,27942.71436,5074.080078125,0.0
2025-04-06,78430.0,81243.58,74508.0,79163.24,78387.53089,5074.080078125,0.0
2025-04-07,79163.24,80867.99,76239.9,76322.42,35317.32063,5062.25,-0.0023314724921273955
2025-04-08,76322.42,83588.0,74620.0,82615.22,75488.28772,4982.77001953125,-0.015700524562941354
2025-04-09,82615.22,82753.21,78464.36,79607.3,33284.80718,5456.89990234375,0.09515387644904849
2025-04-10,79607.3,84300.0,78969.58,83423.84,34435.43797,5268.0498046875,-0.03460757958472693
2025-04-11,83423.83,85905.0,82792.95,85276.9,18470.74437,5363.35986328125,0.018092095201708958
2025-04-12,85276.91,86100.0,83034.23,83760.0,24680.04181,5363.35986328125,0.0
2025-04-13,83760.0,85799.99,83678.0,84591.58,28659.09348,5363.35986328125,0.0
2025-04-14,84591.58,86496.42,83600.0,83643.99,20910.99528,5405.97021484375,0.007944712390868913
2025-04-15,83643.99,85500.0,83111.64,84030.38,20867.24519,5396.6298828125,-0.0017277808903947145
2025-04-16,84030.38,85470.01,83736.26,84947.91,13728.84772,5275.7001953125,-0.0224083715440897
2025-04-17,84947.92,85132.08,84303.96,84474.69,6529.96315,5282.7001953125,0.0013268380955802073
2025-04-18,84474.7,85677.99,84364.45,85077.01,9666.58153,5282.7001953125,0.0
2025-04-19,85077.0,85320.76,83949.52,85179.24,8091.67725,5282.7001953125,0.0
2025-04-20,85179.24,88465.99,85144.76,87516.23,31773.37262,5282.7001953125,0.0
2025-04-21,87516.22,93888.0,87076.03,93442.99,43872.74705,5158.2001953125,-0.023567493023827546
2025-04-22,93442.99,94696.05,91935.41,93691.08,27404.16808,5287.759765625,0.025117204723895226
2025-04-23,93691.07,94005.0,91660.01,93980.47,19497.06071,5375.85986328125,0.01666113847096007
2025-04-24,93980.47,95758.04,92855.96,94638.68,27500.66648,5484.77001953125,0.020259113708281262
2025-04-25,94638.68,95199.0,93870.69,94628.0,9415.06875,5525.2099609375,0.007373133469998461
2025-04-26,94628.0,95369.0,93602.58,93749.3,11162.841,5525.2099609375,0.0
2025-04-27,93749.29,95630.0,92800.01,95011.18,22157.53351,5525.2099609375,0.0
2025-04-28,95011.18,95461.53,93742.54,94256.82,16955.3402,5528.75,0.0006407067039131409
2025-04-29,94256.82,95228.45,92910.0,94172.0,17661.2751,5560.830078125,0.005802410694099036
2025-04-30,94172.0,97424.02,94130.43,96489.91,21380.45343,5569.06005859375,0.00147999135976562
2025-05-01,96489.9,97895.68,96350.0,96887.14,14905.74811,5604.14013671875,0.006299102138585644
2025-05-02,96887.13,96935.67,95753.01,95856.42,9723.34838,5686.669921875,0.01472657412963474
2025-05-03,95856.42,96304.48,94151.38,94277.62,11036.38342,5686.669921875,0.0
2025-05-04,94277.61,95199.0,93514.1,94733.68,17251.18189,5686.669921875,0.0
2025-05-05,94733.68,96920.65,93377.0,96834.02,16122.64513,5650.3798828125,-0.006381597588933863
2025-05-06,96834.02,97732.0,95784.61,97030.5,16644.83854,5606.91015625,-0.007693239651855532
2025-05-07,97030.5,104145.76,96876.29,103261.6,34962.02847,5631.27978515625,0.00434635623313584
2025-05-08,103261.61,104361.3,102315.14,102971.99,27617.39907,5663.93994140625,0.005799775094835535
2025-05-09,102971.99,104984.57,102818.76,104809.53,15324.78611,5659.91015625,-0.0007114809122162891
2025-05-10,104809.53,104972.0,103345.06,104118.0,17987.12197,5659.91015625,0.0
2025-05-11,104118.0,105819.45,100718.37,102791.32,31272.77792,5659.91015625,0.0
2025-05-12,102791.32,104976.25,101429.7,104103.72,21253.42409,5844.18994140625,0.032558782749008364
2025-05-13,104103.72,104356.95,102602.05,103507.82,16452.9081,5886.5498046875,0.0072482009835321826
2025-05-14,103507.83,104192.7,101383.07,103763.71,17998.98604,5892.580078125,0.001024415597859818
2025-05-15,103763.71,104550.33,103100.49,103463.9,15683.88024,5916.93017578125,0.004132332074135769
2025-05-16,103463.9,103709.86,102612.5,103126.65,11250.89622,5958.3798828125,0.007005272294898557
2025-05-17,103126.65,106660.0,103105.09,106454.26,21599.98726,5958.3798828125,0.0
2025-05-18,106454.27,107108.62,102000.0,105573.74,30260.03524,5958.3798828125,0.0
2025-05-19,105573.73,107320.0,104184.72,106849.99,23705.48275,5963.60009765625,0.0008761131291423752
2025-05-20,106850.0,110797.38,106100.01,109643.99,45531.040345,5940.4599609375,-0.0038802294486252054
2025-05-21,109643.99,111980.0,109177.37,111696.21,31630.77313,5844.60986328125,-0.01613513066101424
2025-05-22,111696.22,111800.0,106800.0,107318.3,31737.72309,5842.009765625,-0.00044487103794299543
2025-05-23,107318.3,109506.03,106875.41,107761.91,16782.53129,5802.81982421875,-0.006708297825321674
2025-05-24,107761.9,109299.99,106600.64,109004.19,17710.04695,5802.81982421875,0.0
2025-05-25,109004.2,110422.22,108670.58,109434.79,14649.11593,5802.81982421875,0.0
2025-05-26,109434.78,110718.0,107516.57,108938.17,21276.65635,5802.81982421875,0.0
2025-05-27,108938.17,109284.7,106769.43,107781.78,15633.78829,5921.5400390625,0.0204590558452733
2025-05-28,107781.78,108891.91,105322.86,105589.75,19834.70116,5888.5498046875,-0.005571225417268844
2025-05-29,105589.75,106313.12,103621.0,103985.48,23706.49799,5912.169921875,0.004011194261904327
2025-05-30,103985.47,104900.0,103068.55,104591.88,11289.35922,5911.68994140625,-8.118516130162234e-05
2025-05-31,104591.88,105866.91,103752.49,105642.93,9709.70006,5911.68994140625,0.0
2025-06-01,105642.93,105935.63,103659.88,105857.99,13453.98813,5911.68994140625,0.0
2025-06-02,105858.0,106794.67,104872.5,105376.89,13259.52634,5935.93994140625,0.0041020419271569075
2025-06-03,105376.9,106000.0,104179.0,104696.86,14034.89482,5970.3701171875,0.005800290454605506
2025-06-04,104696.86,105909.71,100372.26,101508.68,22321.50154,5970.81005859375,7.36874595066439e-05
2025-06-05,101508.69,105333.0,101095.8,104288.44,15839.07385,5939.2998046875,-0.005277383403094138
2025-06-06,104288.43,105900.0,103871.09,105552.15,8344.93206,6000.35986328125,0.010280683010067904
2025-06-07,105552.15,106488.14,104964.14,105734.0,8048.06305,6000.35986328125,0.0
2025-06-08,105734.01,110530.17,105318.37,110263.02,19975.37451,6000.35986328125,0.0
2025-06-09,110263.02,110400.0,108331.03,110274.39,17071.82839,6005.8798828125,0.0009199480792858594
2025-06-10,110274.39,110392.01,108064.0,108645.12,13115.91638,6038.81005859375,0.00548298940767844
2025-06-11,108645.13,108813.55,105671.72,105671.73,17778.67218,6022.240234375,-0.002743888954607865
2025-06-12,105671.74,106179.53,102664.31,106066.59,26180.81734,6045.259765625,0.0038224199557175265
2025-06-13,106066.59,106252.0,104300.0,105414.64,8798.93969,5976.97021484375,-0.011296379879250695
2025-06-14,105414.63,106128.57,104494.53,105594.01,7164.20047,5976.97021484375,0.0
2025-06-15,105594.02,108952.38,104980.37,106794.53,14922.6654,5976.97021484375,0.0
2025-06-16,106794.53,107771.34,103371.02,104551.17,17866.33025,6033.10986328125,0.009392659896159117
2025-06-17,104551.17,105550.27,103500.0,104886.78,13968.64167,5982.72021484375,-0.008352184790166306
2025-06-18,104886.79,105226.17,103929.27,104658.59,7678.60737,5980.8701171875,-0.0003092402101070313
2025-06-19,104658.59,106524.65,102345.0,103297.99,16419.06283,5980.8701171875,0.0
2025-06-20,103297.98,103982.64,100837.9,102120.01,11154.21332,5967.83984375,-0.002178658486505891
2025-06-21,102120.02,103399.62,98200.0,100963.87,28746.41072,5967.83984375,0.0
2025-06-22,100963.87,106074.2,99613.33,105333.93,27666.50609,5967.83984375,0.0
2025-06-23,105333.94,106290.0,104622.02,106083.0,14651.69335,6025.169921875,0.009606504133156335
2025-06-24,106083.0,108135.3,105808.03,107340.58,16701.15551,6092.18017578125,0.01112172017970181
2025-06-25,107340.59,108272.45,106562.5,106947.06,10573.27279,6092.16015625,-3.2861029504172024e-06
2025-06-26,106947.06,107735.34,106356.76,107047.59,12232.44042,6141.02001953125,0.008020121275230219
2025-06-27,107047.58,107577.75,106811.51,107296.79,3282.17352,6173.06982421875,0.005218970885222163
2025-06-28,107296.79,108528.5,107172.52,108356.93,6831.7364,6173.06982421875,0.0
2025-06-29,108356.93,108789.99,106733.33,107146.5,9754.12491,6173.06982421875,0.0
2025-06-30,107146.51,107540.0,105250.85,105681.14,10505.62437,6204.9501953125,0.005164427424532603
2025-07-01,105681.13,109730.0,105100.19,108849.6,17691.89592,6198.009765625,-0.001118531087121899
2025-07-02,108849.59,110529.18,108530.4,109584.78,13047.08225,6227.419921875,0.004745096791088033
2025-07-03,109584.77,109767.59,107245.0,107984.24,11793.86615,6279.35009765625,0.008338955206607324
2025-07-04,107984.25,108420.56,107756.31,108198.12,3736.9757,6279.35009765625,0.0
2025-07-05,108198.12,109700.0,107800.01,109203.84,6447.607,6279.35009765625,0.0
2025-07-06,109203.85,109700.0,107513.2,108262.94,9405.37601,6279.35009765625,0.0
2025-07-07,108262.94,109216.56,107429.57,108922.98,9216.0208,6229.97998046875,-0.007862297279128794
2025-07-08,108922.99,111999.79,108324.53,111233.99,17282.2865,6225.52001953125,-0.0007158868810946961
2025-07-09,111234.0,116868.0,110500.0,116010.0,24883.450665,6263.259765625,0.0060621034026635545
2025-07-10,116010.01,118869.98,115222.22,117527.66,25873.521148,6280.4599609375,0.0027462050044453346
2025-07-11,117527.66,118200.0,116900.05,117420.0,8446.60437,6259.75,-0.0032975229626984737
2025-07-12,117420.0,119488.0,117224.79,119086.64,9550.792947,6259.75,0.0
2025-07-13,119086.65,123218.0,118905.18,119841.18,27269.348877,6259.75,0.0
2025-07-14,119841.17,119940.83,115736.92,117758.09,32018.46083,6268.56005859375,0.001407413809457303
2025-07-15,117758.08,120063.84,117017.29,118630.43,17039.90851,6243.759765625,-0.003956298214731202
2025-07-16,118630.44,120998.71,117453.57,119177.56,15728.57651,6263.7001953125,0.003193657417327689
2025-07-17,119177.56,120820.71,116812.76,117924.84,19924.66266,6297.35986328125,0.00537376740890938
2025-07-18,117924.84,118499.9,117277.34,117840.0,6635.80306,6296.7900390625,-9.048620868445933e-05
2025-07-19,117840.01,118856.8,116467.02,117265.12,12962.92889,6296.7900390625,0.0
2025-07-20,117265.11,119676.73,116515.0,117380.36,17107.33128,6296.7900390625,0.0
2025-07-21,117380.36,120247.8,116128.0,119954.42,20959.12973,6305.60009765625,0.001399134882868358
2025-07-22,119954.43,120090.0,117301.0,118755.99,14558.75083,6309.6201171875,0.0006375316336257875
2025-07-23,118756.0,119450.0,117103.1,118340.99,15806.89043,6358.91015625,0.007811886951519131
2025-07-24,118340.98,118451.57,114723.16,117614.31,38406.34873,6363.35009765625,0.0006982236416543941
2025-07-25,117614.31,118297.35,117138.38,117919.99,6991.67206,6388.64013671875,0.00397432777929585
2025-07-26,117919.99,119766.65,117825.5,119415.55,9328.30919,6388.64013671875,0.0
2025-07-27,119415.56,119800.0,117427.5,118062.32,13961.74754,6388.64013671875,0.0
2025-07-28,118062.32,119273.36,116950.75,117950.76,15137.93445,6389.77001953125,0.00017685810881817865
2025-07-29,117950.75,118792.0,115796.23,117840.3,15586.73631,6370.85986328125,-0.002959442388724254
2025-07-30,117840.29,118922.45,115500.0,115764.08,17010.0073,6362.89990234375,-0.0012494327466496813
2025-07-31,115764.07,116052.0,112722.58,113297.93,24487.10206,6339.39013671875,-0.0036948193411530106
2025-08-01,113297.92,114063.49,112003.0,112546.35,11507.33428,6238.009765625,-0.015992133140148468
2025-08-02,112546.35,114799.97,111920.0,114208.8,7397.76046,6238.009765625,0.0
2025-08-03,114208.81,115720.0,114107.6,115055.03,9667.67916,6238.009765625,0.0
2025-08-04,115055.03,115127.81,112650.0,114129.75,12042.79078,6329.93994140625,0.01473710033091602
2025-08-05,114129.75,115716.0,113355.13,114992.27,9761.15318,6299.18994140625,-0.004857865996303334
2025-08-06,114992.27,117621.0,114259.0,117472.01,13468.56263,6345.06005859375,0.007281907295092482
2025-08-07,117472.02,117630.0,115878.71,116674.74,10045.31278,6340.0,-0.0007974800154801898
2025-08-08,116674.74,117944.05,116299.13,116462.25,9514.13144,6389.4501953125,0.007799715348974834
2025-08-09,116462.25,119311.11,116460.63,119294.01,14322.77073,6389.4501953125,0.0
2025-08-10,119294.27,122335.16,118050.11,118686.0,26494.33429,6389.4501953125,0.0
2025-08-11,118686.0,120324.43,118207.47,120134.08,16720.10893,6373.4501953125,-0.0025041278217863283
2025-08-12,120134.09,123667.79,118920.92,123306.43,23210.07102,6445.759765625,0.01134543584661274
2025-08-13,123306.44,124474.0,117180.0,118295.09,27980.947586,6466.580078125,0.0032300788824048965
2025-08-14,118295.09,119216.82,116803.99,117342.05,13623.33874,6468.5400390625,0.00030309080129242716
2025-08-15,117342.04,117898.99,117143.98,117380.66,6393.68117,6449.7998046875,-0.0028971350972291088
2025-08-16,117380.66,118575.0,117172.21,117405.01,5898.64192,6449.7998046875,0.0
2025-08-17,117405.01,117543.75,114640.14,116227.05,17745.93954,6449.7998046875,0.0
2025-08-18,116227.05,116725.69,112732.58,112872.94,18065.47424,6449.14990234375,-0.00010076318078544588
2025-08-19,112872.95,114615.38,112380.0,114271.24,15636.34194,6411.3701171875,-0.005858103118756786
2025-08-20,114271.23,114821.76,112015.67,112500.0,10839.69235,6395.77978515625,-0.0024316693228262354
2025-08-21,112500.0,117429.05,111684.79,116935.99,23128.09037,6370.169921875,-0.004004181529308926
2025-08-22,116936.0,117030.0,114560.0,115438.05,11329.36197,6466.91015625,0.015186444876893468
2025-08-23,115438.06,115666.68,110680.0,113493.59,21175.98462,6466.91015625,0.0
2025-08-24,113493.59,113667.28,109274.1,110111.98,25182.79379,6466.91015625,0.0
2025-08-25,110111.98,112371.0,108666.66,111763.22,18452.43877,6439.31982421875,-0.004266385548063467
2025-08-26,111763.22,112625.0,110345.42,111262.01,13392.60875,6465.93994140625,0.004133995191134998
2025-08-27,111262.01,113485.9,110862.42,112566.9,11104.27744,6481.39990234375,0.0023909843081744153
2025-08-28,112566.9,112638.64,107463.9,108377.4,22580.31045,6501.85986328125,0.0031567194195349924
2025-08-29,108377.4,108926.15,107350.1,108816.33,10708.39159,6460.259765625,-0.00639818429357164
2025-08-30,108816.33,109480.02,108076.93,108246.35,9489.51596,6460.259765625,0.0
2025-08-31,108246.36,109912.4,107255.0,109237.42,16053.60219,6460.259765625,0.0
2025-09-01,109237.43,111771.52,108393.39,111240.01,18510.28756,6460.259765625,0.0
2025-09-02,111240.01,112575.27,110528.71,111705.71,11773.72084,6415.5400390625,-0.006922279936861564
2025-09-03,111705.72,112180.0,109329.12,110730.87,12203.13536,6448.259765625,0.0051000736279842585
2025-09-04,110730.87,113384.62,110206.96,110659.99,21587.40888,6502.080078125,0.008346486409699372
2025-09-05,110660.0,111307.7,109977.0,110187.97,5000.29897,6481.5,-0.003165152978388819
2025-09-06,110187.98,111600.0,110180.0,111137.34,5681.29944,6481.5,0.0
2025-09-07,111137.35,112924.37,110621.78,112065.23,11582.40211,6481.5,0.0
2025-09-08,112065.23,113293.29,110766.66,111546.39,15379.28248,6495.14990234375,0.0021059789159529885
2025-09-09,111546.38,114313.13,110917.45,113960.0,17517.41823,6512.60986328125,0.0026881536531127015
2025-09-10,113960.0,115488.09,113430.0,115482.69,13676.73119,6532.0400390625,0.002983469943562689
2025-09-11,115482.69,116665.63,114740.99,116029.42,15324.10719,6587.47021484375,0.008485890387959882
2025-09-12,116029.41,116298.78,115127.27,115918.29,8269.40394,6584.2900390625,-0.00048276131466740146
2025-09-13,115918.29,116165.19,115135.0,115268.01,6707.60197,6584.2900390625,0.0
2025-09-14,115268.01,116757.99,114384.0,115349.71,13212.51149,6584.2900390625,0.0
2025-09-15,115349.71,116964.27,114737.11,116788.96,10926.9094,6615.27978515625,0.004706619226962694
2025-09-16,116788.96,117286.73,114720.81,116447.59,16754.2454,6606.759765625,-0.0012879303382402618
2025-09-17,116447.6,117900.0,116092.76,117073.53,11657.23365,6600.35009765625,-0.0009701681605103207
2025-09-18,117073.53,117459.99,115100.0,115632.38,8992.09065,6631.9599609375,0.004789119185128365
2025-09-19,115632.39,116121.81,115408.47,115685.63,4674.92752,6664.35986328125,0.004885418870829605
2025-09-20,115685.63,115819.06,115188.0,115232.29,4511.52219,6664.35986328125,0.0
2025-09-21,115232.29,115379.25,111800.0,112650.99,20781.71356,6664.35986328125,0.0
2025-09-22,112650.99,113290.5,111458.73,111998.8,12301.3203,6693.75,0.004410046474333074
2025-09-23,111998.8,113940.0,111042.66,113307.0,12369.25967,6656.919921875,-0.005502159197012135
2025-09-24,113307.01,113510.23,108631.51,108994.49,21231.14957,6637.97021484375,-0.002846617843333288
2025-09-25,108994.49,110300.0,108620.07,109643.46,14243.01591,6604.72021484375,-0.0050090613431266195
2025-09-26,109643.46,109743.91,109064.4,109635.85,5501.78643,6643.7001953125,0.005901836747171263
2025-09-27,109635.85,112350.0,109189.99,112163.95,7542.3316,6643.7001953125,0.0
2025-09-28,112163.96,114400.0,111560.65,114311.96,15541.12005,6643.7001953125,0.0
2025-09-29,114311.97,114792.0,112656.27,114048.93,15044.15633,6661.2099609375,0.00263554421636214
2025-09-30,114048.94,118649.1,113966.67,118594.99,20036.39516,6688.4599609375,0.0040908483833717035
2025-10-01,118594.99,121022.07,118279.31,120529.35,19670.83503,6711.2001953125,0.003399920834961989
2025-10-02,120529.35,123894.99,119248.3,122232.0,23936.328,6715.35009765625,0.0006183547238911569
2025-10-03,122232.21,122800.0,121510.0,122391.0,8208.16678,6715.7900390625,6.551280273581206e-05
2025-10-04,122390.99,125708.42,122136.0,123482.31,22043.097553,6715.7900390625,0.0
2025-10-05,123482.32,126199.63,123084.0,124658.54,19494.628793,6715.7900390625,0.0
2025-10-06,124658.54,125126.0,120574.94,121332.95,21633.99385,6740.27978515625,0.0036465919796933033
2025-10-07,121332.96,124197.25,121066.14,123306.0,17012.618,6714.58984375,-0.0038114057910215715
2025-10-08,123306.01,123762.94,119651.47,121662.4,21559.36007,6753.72021484375,0.0058276636405680815
2025-10-09,121662.41,122550.0,102000.0,112774.5,64171.93927,6735.10986328125,-0.002755570407195318
2025-10-10,112774.49,113322.39,109561.59,110644.4,35448.51652,6552.509765625,-0.02711167321141361
2025-10-11,110644.4,115770.0,109565.06,114958.8,32255.30272,6552.509765625,0.0
2025-10-12,114958.81,115963.81,113616.5,115166.0,22557.24033,6552.509765625,0.0
2025-10-13,115166.0,115409.96,109866.0,113028.14,31870.32974,6654.72021484375,0.015598671787557583
2025-10-14,113028.13,113612.35,110164.0,110763.28,22986.48811,6644.31005859375,-0.0015643266604626893
2025-10-15,110763.28,111982.45,107427.0,108194.28,29857.17252,6671.06005859375,0.004026001159503689
2025-10-16,108194.27,109240.0,103528.23,106431.68,37920.66838,6629.06982421875,-0.006294387099829435
2025-10-17,106431.68,107499.0,106322.2,107185.01,11123.18766,6664.009765625,0.0052707155502571545
2025-10-18,107185.0,109450.07,106103.36,108642.78,15480.66423,6664.009765625,0.0
2025-10-19,108642.77,111705.56,107402.52,110532.09,19193.4416,6664.009765625,0.0
2025-10-20,110532.09,114000.0,107473.72,108297.67,37228.01659,6735.1298828125,0.010672270853256949
2025-10-21,108297.66,109163.88,106666.69,107567.44,28610.78451,6735.35009765625,3.2696450934288634e-05
2025-10-22,107567.45,111293.61,107500.0,110078.18,17573.09294,6699.39990234375,-0.005337539220865439
2025-10-23,110078.19,112104.98,109700.01,111004.89,15005.16913,6738.43994140625,0.0058273934429324825
2025-10-24,111004.9,111943.19,110672.86,111646.27,6407.96864,6791.68994140625,0.00790242258787388
2025-10-25,111646.27,115466.8,111260.45,114559.4,13454.47737,6791.68994140625,0.0
2025-10-26,114559.41,116400.0,113830.01,114107.65,21450.23241,6791.68994140625,0.0
2025-10-27,114107.65,116086.0,112211.0,112898.45,15523.42257,6875.16015625,0.012290050865671143
2025-10-28,112898.44,113643.73,109200.0,110021.29,21079.71376,6890.89013671875,0.0022879438603986557
2025-10-29,110021.3,111592.0,106304.34,108322.88,25988.82838,6890.58984375,-4.3578255173426506e-05
2025-10-30,108322.87,111190.0,108275.28,109608.01,21518.20439,6822.33984375,-0.00990481243951924
2025-10-31,109608.01,110564.49,109394.81,110098.1,7378.50431,6840.2001953125,0.0026179217059763005
2025-11-01,110098.1,111250.01,109471.34,110540.68,12107.00087,6840.2001953125,0.0
2025-11-02,110540.69,110750.0,105306.56,106583.04,28681.18779,6840.2001953125,0.0
2025-11-03,106583.05,107299.0,98944.36,101497.22,50534.87376,6851.97021484375,0.0017207127269924793
2025-11-04,101497.23,104534.74,98966.8,103885.16,33778.77571,6771.5498046875,-0.011736830084583816
2025-11-05,103885.16,104200.0,100300.95,101346.04,25814.62139,6796.2900390625,0.0036535556982648654
2025-11-06,101346.04,104096.36,99260.86,103339.08,32059.50942,6720.31982421875,-0.011178189042419073
2025-11-07,103339.09,103406.22,101454.0,102312.94,12390.77985,6728.7998046875,0.0012618418007710464
2025-11-08,102312.95,105495.62,101400.0,104722.96,16338.97096,6728.7998046875,0.0
2025-11-09,104722.95,106670.11,104265.02,106011.13,22682.25673,6728.7998046875,0.0
2025-11-10,106011.13,107500.0,102476.09,103058.99,24196.50718,6832.43017578125,0.01540101862170995
2025-11-11,103059.0,105333.33,100813.59,101654.37,20457.63906,6846.60986328125,0.002075350517340535
2025-11-12,101654.37,104085.01,98000.4,99692.02,36198.50771,6850.919921875,0.0006295171887717999
2025-11-13,99692.03,99866.02,94012.45,94594.0,47288.14481,6737.490234375,-0.01655685496159698
2025-11-14,94594.0,96846.68,94558.49,95596.24,15110.89391,6734.10986328125,-0.0005017255648851471
2025-11-15,95596.23,96635.11,93005.55,94261.44,23889.4051,6734.10986328125,0.0
2025-11-16,94261.45,96043.0,91220.0,92215.14,39218.59806,6734.10986328125,0.0
2025-11-17,92215.14,93836.01,89253.78,92960.83,39835.14769,6672.41015625,-0.00916226617680782
2025-11-18,92960.83,92980.22,88608.0,91554.96,32286.6376,6617.31982421875,-0.008256436690967983
2025-11-19,91554.96,93160.0,86100.0,86637.23,39733.19073,6642.16015625,0.0037538357962292324
2025-11-20,86637.22,87498.94,80600.0,85129.43,72256.12679,6538.759765625,-0.015567283563270418
2025-11-21,85129.42,85620.0,83500.0,84739.74,14193.93263,6602.990234375,0.009823035415319481
2025-11-22,84739.75,88127.64,84667.57,86830.0,19734.46418,6602.990234375,0.0
2025-11-23,86830.0,89228.0,85272.0,88300.01,24663.12795,6602.990234375,0.0
2025-11-24,88300.01,88519.99,86116.0,87369.96,19567.0411,6705.1201171875,0.015467217001293498
2025-11-25,87369.97,90656.08,86306.77,90484.02,21675.82239,6765.8798828125,0.009061696817220577
2025-11-26,90484.01,91950.0,90089.91,91333.95,16833.50932,6812.60986328125,0.006906711511012631
2025-11-27,91333.94,93092.0,90180.63,90890.7,18830.86012,6812.60986328125,0.0
2025-11-28,90890.71,91165.65,90155.47,90802.44,7429.88291,6849.08984375,0.005354773163420257
2025-11-29,90802.44,92000.01,90336.9,90360.0,9687.74175,6849.08984375,0.0
2025-11-30,90360.01,90417.0,83822.76,86286.01,34509.01227,6849.08984375,0.0
2025-12-01,86286.01,92307.65,86184.39,91277.88,28210.22732,6812.6298828125,-0.005323329342915684
2025-12-02,91277.88,94150.0,90990.23,93429.95,25712.52585,6829.3701171875,0.002457235261999813
2025-12-03,93429.95,94080.0,90889.0,92078.06,19803.94059,6849.72021484375,0.0029797912994984355
2025-12-04,92078.06,92692.36,88056.0,89330.04,19792.97218,6857.1201171875,0.0010803218396737702
2025-12-05,89330.04,90289.97,88908.01,89236.79,8409.50016,6870.39990234375,0.001936641757662061
2025-12-06,89236.8,91760.0,87719.28,90395.31,13021.11185,6870.39990234375,0.0
2025-12-07,90395.32,92287.15,89612.0,90634.34,15793.63887,6870.39990234375,0.0
2025-12-08,90634.35,94588.99,89500.0,92678.8,21240.43014,6846.509765625,-0.003477255626794018
2025-12-09,92678.81,94476.0,91563.15,92015.37,18998.68083,6840.509765625,-0.0008763589340257116
2025-12-10,92015.38,93555.0,89260.63,92513.38,19972.58758,6886.68017578125,0.00674955693920154
2025-12-11,92513.38,92754.0,89480.0,90268.42,16679.19169,6901.0,0.002079350841514227
2025-12-12,90268.43,90634.55,89766.39,90240.01,5895.70788,6827.41015625,-0.010663649289958
2025-12-13,90240.0,90472.4,87577.36,88172.17,9416.94004,6827.41015625,0.0
2025-12-14,88172.16,90052.64,85146.64,86432.08,19778.6919,6827.41015625,0.0
2025-12-15,86432.08,88175.98,85266.0,87863.42,18456.05017,6816.509765625,-0.0015965630269072495
2025-12-16,87863.43,90365.85,85314.0,86243.22,19834.11729,6800.259765625,-0.0023839179519623555
2025-12-17,86243.23,89477.61,84450.01,85516.41,25405.41763,6721.43017578125,-0.011592143912241393
2025-12-18,85516.41,89399.97,85110.24,88136.94,21256.65004,6774.759765625,0.007934262269941872
2025-12-19,88136.95,88573.07,87795.76,88360.9,5123.13194,6834.5,0.008818059450332205
2025-12-20,88360.91,89081.77,87600.04,88658.86,7132.87258,6834.5,0.0
2025-12-21,88658.87,90588.23,87900.0,88620.79,14673.2197,6834.5,0.0
2025-12-22,88620.79,88940.0,86601.9,87486.0,13910.32904,6878.490234375,0.006436496360377575
2025-12-23,87486.0,88049.89,86420.0,87669.45,9140.8432,6909.7900390625,0.004550388765703239
2025-12-24,87669.44,88592.74,86934.72,87225.27,7096.58235,6932.0498046875,0.0032214822012188726
2025-12-25,87225.27,89567.75,86655.08,87369.56,18344.61505,6932.0498046875,0.0
2025-12-26,87369.56,87984.0,87253.05,87877.01,4469.55156,6929.93994140625,-0.00030436354912266594
2025-12-27,87877.0,88088.75,87435.0,87952.71,4446.29285,6929.93994140625,0.0
2025-12-28,87952.71,90406.08,86806.5,87237.13,19894.98575,6929.93994140625,0.0
2025-12-29,87237.13,89400.0,86845.66,88485.49,13105.91001,6905.740234375,-0.00349205148036813
2025-12-30,88485.5,89200.0,87250.0,87648.22,11558.62047,6896.240234375,-0.0013756671519022934
2025-12-31,87648.21,88919.45,87550.43,88839.04,6279.57133,6845.5,-0.007357666300846111
2026-01-01,88839.05,90961.81,88379.88,89995.13,17396.97301,6845.5,0.0
2026-01-02,89995.14,90741.16,89314.01,90628.01,7057.46716,6858.47021484375,0.0018947067188299638
2026-01-03,90628.01,91810.0,90628.0,91529.73,10426.5297,6858.47021484375,0.0
2026-01-04,91529.74,94789.08,91514.81,93859.71,20673.59584,6858.47021484375,0.0
2026-01-05,93859.71,94444.44,91262.94,93747.97,18546.41829,6902.0498046875,0.006354126864826393
2026-01-06,93747.97,93747.97,90675.52,91364.16,14276.49025,6944.81982421875,0.006196712678341321
2026-01-07,91364.16,91687.99,89311.0,91099.99,16132.79117,6920.93017578125,-0.003439923431013958
2026-01-08,91100.0,92082.55,89694.66,90641.28,15590.27939,6921.4599609375,7.65482590914246e-05
2026-01-09,90641.27,90832.0,90404.0,90504.7,3104.11722,6966.27978515625,0.006475487031883276
2026-01-10,90504.7,91283.89,90236.0,91013.65,5477.13594,6966.27978515625,0.0
2026-01-11,91013.66,92519.95,90128.44,91296.2,16188.08268,6966.27978515625,0.0
2026-01-12,91296.2,96495.0,91042.66,95414.0,23021.51482,6977.27001953125,0.001577633215136931
2026-01-13,95413.99,97924.49,94559.28,96951.78,22851.89428,6963.740234375,-0.0019391230550597216
2026-01-14,96951.78,97193.34,95134.48,95604.8,21725.81369,6926.60009765625,-0.005333360445499591
2026-01-15,95604.81,95871.47,94293.46,95550.94,11167.7146,6944.47021484375,0.0025799262171273263
2026-01-16,95550.94,95639.45,95021.67,95147.77,4280.80137,6940.009765625,-0.0006423023039563436
2026-01-17,95147.77,95531.12,93615.4,93673.14,6895.17819,6940.009765625,0.0
2026-01-18,93673.14,93673.14,91910.2,92631.0,14295.52747,6940.009765625,0.0
2026-01-19,92630.99,92870.0,87895.98,88427.66,22007.3261,6940.009765625,0.0
2026-01-20,88427.66,90574.0,87263.53,89454.73,20617.50372,6796.85986328125,-0.02062675805627745
2026-01-21,89454.73,90359.99,88515.37,89559.67,10825.50492,6875.6201171875,0.011587741323274559
2026-01-22,89559.68,91224.99,88578.36,89600.26,13918.48919,6913.35009765625,0.005487502192628835
2026-01-23,89600.26,89957.39,89162.08,89225.34,4226.56737,6915.60986328125,0.0003268698377891788
2026-01-24,89225.34,89319.13,86074.72,86670.36,14426.22019,6915.60986328125,0.0
2026-01-25,86670.36,88860.0,86509.63,88347.08,17766.51453,6915.60986328125,0.0
2026-01-26,88347.08,89523.16,87304.33,89250.0,13125.40425,6950.22998046875,0.005006083031276365
2026-01-27,89249.99,90600.0,88833.65,89299.99,14332.18502,6978.60009765625,0.004081896177137168
2026-01-28,89300.0,89348.0,83383.33,84650.16,30431.38201,6978.02978515625,-8.172305219089626e-05
2026-01-29,84650.16,84735.75,81118.0,84260.49,35195.84793,6969.009765625,-0.001292631274007694
2026-01-30,84260.5,84270.02,75719.9,78741.09,39491.89133,6939.02978515625,-0.004301899620894223
2026-01-31,78741.1,79424.0,75700.0,76968.21,25395.48168,6939.02978515625,0.0
2026-02-01,76968.22,79360.0,74604.0,78738.61,42273.59016,6939.02978515625,0.0
2026-02-02,78738.6,79186.81,72945.5,75770.21,39120.10889,6976.43994140625,0.00539126612916796
2026-02-03,75770.21,76971.52,71888.0,73165.83,38375.36,6917.81005859375,-0.008403983020698336
2026-02-04,73165.84,73341.18,62345.0,62909.86,106298.82899,6882.72021484375,-0.005072391906223106
2026-02-05,62909.87,71751.33,60000.0,70580.26,92539.21531,6798.39990234375,-0.012251015567674717
2026-02-06,70580.26,71690.07,67300.0,69289.38,44255.48036,6932.2998046875,0.0196957966973359
2026-02-07,69289.37,72271.41,68888.0,70330.38,21420.53168,6932.2998046875,0.0
2026-02-08,70330.38,71453.53,68308.0,70138.0,29152.72842,6932.2998046875,0.0
2026-02-09,70138.0,70527.59,67800.0,68841.29,20373.77072,6964.81982421875,0.004691086716887227
2026-02-10,68841.28,69292.88,65756.0,67082.52,28718.24602,6941.81005859375,-0.003303712975458173
2026-02-11,67082.52,68410.52,65118.0,66272.17,24271.74283,6941.47021484375,-4.895607156218951e-05
2026-02-12,66272.17,69482.97,65872.46,68853.96,20244.54955,6832.759765625,-0.01566101212770199
2026-02-13,68853.97,70560.01,68730.13,69822.95,18114.78393,6836.169921875,0.0004990891480125548
2026-02-14,69822.94,70983.0,68000.0,68832.58,22290.05208,6836.169921875,0.0
2026-02-15,68832.59,70126.67,67294.11,68892.43,15515.76534,6836.169921875,0.0
2026-02-16,68892.43,69241.5,66621.06,67503.52,16489.06921,6836.169921875,0.0
2026-02-17,67503.52,68476.22,65870.0,66461.0,15492.43839,6843.22021484375,0.0010313220779065713
2026-02-18,66461.0,67320.0,65631.83,67003.73,14542.26988,6881.31005859375,0.005566070147410729
2026-02-19,67003.73,68318.39,66280.2,68020.01,35351.87091,6861.89013671875,-0.0028221256867719813
2026-02-20,68020.0,68698.7,67534.69,67975.93,8032.84131,6909.509765625,0.006939724763506794
2026-02-21,67975.93,68245.0,67190.0,67643.4,8175.13484,6909.509765625,0.0
2026-02-22,67643.39,67684.86,63888.79,64656.02,33075.90923,6909.509765625,0.0
2026-02-23,64656.01,65026.75,62510.28,64058.15,23102.83622,6837.75,-0.010385652247284827
2026-02-24,64058.15,69988.83,63913.27,67988.04,30749.99259,6890.06982421875,0.0076516140863223114
2026-02-25,67988.04,68860.0,66500.0,67485.18,20737.77792,6946.1298828125,0.008136355657339944
2026-02-26,67485.19,68216.8,64914.46,65872.1,21228.58424,6908.85986328125,-0.005365580569328343
2026-02-27,65872.09,67760.0,63030.0,66973.26,22548.71649,6878.8798828125,-0.00433935281103115
2026-02-28,66973.26,68199.99,65056.0,65776.47,23201.85859,6878.8798828125,0.0
2026-03-01,65776.48,70096.0,65259.21,68830.06,32010.38431,6878.8798828125,0.0
2026-03-02,68830.06,69258.08,66158.0,68338.0,24972.2418,6881.6201171875,0.0003983547353176853
2026-03-03,68338.01,74050.0,67400.0,72666.77,44919.0761,6816.6298828125,-0.009444031095625416
2026-03-04,72666.77,73558.15,70645.47,70890.72,26590.51253,6869.5,0.007756049264286302
2026-03-05,70891.02,71419.98,67744.78,68114.02,22629.88722,6830.7099609375,-0.005646704863891072
2026-03-06,68114.02,68551.04,66915.26,67262.91,12719.54315,6740.02001953125,-0.013276795812569242
2026-03-07,67262.91,68200.0,65618.49,65971.2,21593.63901,6740.02001953125,0.0
2026-03-08,65971.2,69480.0,65821.97,68944.58,24695.16611,6740.02001953125,0.0
